id,start_date,start_time,end_date,end_time,Progress,duration,UserLanguage,Allocate_IG_M_1,Allocate_IG_M_2,Allocate_OG_M_1,Allocate_OG_M_2,Allocate_TG_M_1,Allocate_TG_M_2,Allocate_IG_P_1,Allocate_IG_P_2,Allocate_OG_P_1,Allocate_OG_P_2,Allocate_TG_P_1,Allocate_TG_P_2,Allocate_IG_Nat_1,Allocate_IG_Nat_2,Allocate_OG_Nat_1,Allocate_OG_Nat_2,Allocate_TG_Nat_1,Allocate_TG_Nat_2,Q_Language,nationality,currency,conversionrate,dvorder,mingroup,ingroupletter,outgroupletter,role,type_group,playedwith,gamepayoff,totalpayoff,totalmoney
p001,4/4/22,3:01:21,4/4/22,3:10:50,100,568,EN-GB,NA,NA,NA,NA,NA,NA,20,0,20,0,10,10,20,0,20,0,10,10,EN-GB,British,£,0.067,attfirst,secondletter,M,K,allocator,nat_out,another national group,20,20,1.34
p002,4/4/22,3:03:15,4/4/22,3:15:19,100,724,EN-GB,5,15,5,15,10,10,NA,NA,NA,NA,NA,NA,5,15,5,15,10,10,EN-GB,British,£,0.067,attfirst,firstletter,H,J,recipient,nat_in_out,another national group,10,10,0.67
p003,4/4/22,3:07:41,4/4/22,3:15:35,100,473,EN-GB,NA,NA,NA,NA,NA,NA,15,5,18,2,18,2,18,2,15,5,8,12,EN-GB,British,£,0.067,attfirst,secondletter,J,H,recipient,nat_out_self,another national group,10,10,0.67
p004,4/4/22,3:01:33,4/4/22,3:15:48,100,855,EN-GB,NA,NA,NA,NA,NA,NA,10,10,10,10,10,10,10,10,10,10,10,10,EN-GB,British,£,0.067,allofirst,secondletter,M,K,allocator,min_in,Group M,10,10,0.67
p005,4/4/22,3:08:46,4/4/22,3:17:42,100,536,EN-GB,15,5,15,5,10,10,NA,NA,NA,NA,NA,NA,10,10,10,10,10,10,EN-GB,British,£,0.067,attfirst,firstletter,H,J,allocator,nat_in,your national group,10,10,0.67
p006,4/4/22,3:07:40,4/4/22,3:17:56,100,615,EN-GB,NA,NA,NA,NA,NA,NA,10,10,15,5,10,10,15,5,15,5,10,10,EN-GB,British,£,0.067,allofirst,secondletter,N,L,recipient,nat_in_out,another national group,10,10,0.67
p007,4/4/22,3:09:26,4/4/22,3:19:12,100,585,EN-GB,NA,NA,NA,NA,NA,NA,18,2,18,2,10,10,13,7,15,5,15,5,EN-GB,British,£,0.067,attfirst,secondletter,N,L,recipient,nat_out_self,another national group,10,10,0.67
p008,4/4/22,3:11:54,4/4/22,3:19:52,100,478,EN-GB,20,0,20,0,10,10,NA,NA,NA,NA,NA,NA,20,0,20,0,10,10,EN-GB,British,£,0.067,attfirst,firstletter,K,M,allocator,nat_out,another national group,20,20,1.34
p009,4/4/22,3:06:21,4/4/22,3:20:28,100,846,EN-GB,10,10,10,10,10,10,NA,NA,NA,NA,NA,NA,10,10,10,10,10,10,EN-GB,British,£,0.067,attfirst,firstletter,P,S,allocator,min_in,Group P,10,10,0.67
p010,4/4/22,3:09:21,4/4/22,3:21:14,100,713,EN-GB,NA,NA,NA,NA,NA,NA,10,10,15,5,10,10,15,5,15,5,10,10,EN-GB,British,£,0.067,allofirst,secondletter,J,H,recipient,nat_out_self,another national group,10,10,0.67
p011,4/4/22,3:14:45,4/4/22,3:21:21,100,395,EN-GB,10,10,10,10,10,10,NA,NA,NA,NA,NA,NA,10,10,10,10,10,10,EN-GB,British,£,0.067,attfirst,firstletter,L,N,allocator,nat_out,another national group,10,10,0.67
p012,4/4/22,3:11:24,4/4/22,3:22:49,100,685,EN-GB,NA,NA,NA,NA,NA,NA,10,10,10,10,10,10,10,10,10,10,10,10,EN-GB,British,£,0.067,attfirst,secondletter,M,K,recipient,nat_in_out,another national group,10,10,0.67
p013,4/4/22,3:04:41,4/4/22,3:23:25,100,1124,EN-GB,15,5,18,2,15,5,NA,NA,NA,NA,NA,NA,15,5,18,2,15,5,EN-GB,British,£,0.067,allofirst,firstletter,K,M,allocator,min_out,Group M,18,18,1.206
p014,4/4/22,3:15:36,4/4/22,3:23:32,100,475,EN-GB,NA,NA,NA,NA,NA,NA,15,5,15,5,12,8,20,0,5,15,0,20,EN-GB,British,£,0.067,attfirst,secondletter,M,K,allocator,min_out,Group K,15,15,1.005
p015,4/4/22,3:10:53,4/4/22,3:23:47,100,773,EN-GB,NA,NA,NA,NA,NA,NA,13,7,12,8,10,10,13,7,12,8,10,10,EN-GB,British,£,0.067,allofirst,secondletter,S,P,recipient,nat_in_out,another national group,10,10,0.67
p016,4/4/22,3:15:53,4/4/22,3:23:47,100,474,EN-GB,NA,NA,NA,NA,NA,NA,20,0,10,10,10,10,10,10,10,10,10,10,EN-GB,British,£,0.067,attfirst,secondletter,N,L,recipient,nat_out_self,another national group,10,10,0.67
p017,4/4/22,3:15:59,4/4/22,3:23:57,100,478,EN-GB,18,2,20,0,20,0,NA,NA,NA,NA,NA,NA,20,0,20,0,10,10,EN-GB,British,£,0.067,allofirst,firstletter,L,N,allocator,nat_in,your national group,20,20,1.34
p018,4/4/22,3:12:22,4/4/22,3:24:47,100,744,EN-GB,15,5,15,5,10,10,NA,NA,NA,NA,NA,NA,15,5,10,10,10,10,EN-GB,British,£,0.067,allofirst,firstletter,H,J,recipient,nat_in_out,another national group,10,10,0.67
p019,4/4/22,3:15:06,4/4/22,3:25:23,100,617,EN-GB,NA,NA,NA,NA,NA,NA,10,10,20,0,10,10,10,10,10,10,10,10,EN-GB,British,£,0.067,allofirst,secondletter,S,P,recipient,nat_out_self,another national group,10,10,0.67
p020,4/4/22,3:16:23,4/4/22,3:26:45,100,622,EN-GB,NA,NA,NA,NA,NA,NA,20,0,20,0,15,5,15,5,12,8,5,15,EN-GB,British,£,0.067,allofirst,secondletter,J,H,allocator,min_out,Group H,20,20,1.34
p021,4/4/22,3:17:49,4/4/22,3:27:35,100,585,EN-GB,NA,NA,NA,NA,NA,NA,15,5,20,0,20,0,15,5,20,0,20,0,EN-GB,British,£,0.067,attfirst,secondletter,J,H,recipient,nat_in_out,another national group,10,10,0.67
p022,4/4/22,3:16:21,4/4/22,3:27:56,100,695,EN-GB,NA,NA,NA,NA,NA,NA,10,10,15,5,13,7,10,10,10,10,10,10,EN-GB,British,£,0.067,attfirst,secondletter,S,P,allocator,min_in,Group S,10,10,0.67
p023,4/4/22,3:15:41,4/4/22,3:28:05,100,744,EN-GB,10,10,10,10,10,10,NA,NA,NA,NA,NA,NA,10,10,10,10,10,10,EN-GB,British,£,0.067,allofirst,firstletter,K,M,recipient,nat_out_self,another national group,10,10,0.67
p024,4/4/22,3:16:17,4/4/22,3:28:33,100,735,EN-GB,NA,NA,NA,NA,NA,NA,10,10,20,0,20,0,15,5,15,5,10,10,EN-GB,British,£,0.067,attfirst,secondletter,J,H,allocator,nat_in,your national group,15,15,1.005
p025,4/4/22,3:15:59,4/4/22,3:28:59,100,780,EN-GB,12,8,15,5,10,10,NA,NA,NA,NA,NA,NA,12,8,12,8,12,8,EN-GB,British,£,0.067,allofirst,firstletter,P,S,allocator,min_in,Group P,12,12,0.804
p026,4/4/22,3:14:45,4/4/22,3:29:00,100,855,EN-GB,10,10,10,10,10,10,NA,NA,NA,NA,NA,NA,10,10,10,10,8,12,EN-GB,British,£,0.067,attfirst,firstletter,H,J,allocator,nat_out,another national group,10,10,0.67
p027,4/4/22,3:17:56,4/4/22,3:29:17,100,680,EN-GB,NA,NA,NA,NA,NA,NA,20,0,20,0,10,10,20,0,20,0,10,10,EN-GB,British,£,0.067,allofirst,secondletter,J,H,recipient,nat_out_self,another national group,10,10,0.67
p028,4/4/22,3:15:47,4/4/22,3:29:17,100,810,EN-GB,10,10,10,10,10,10,NA,NA,NA,NA,NA,NA,10,10,10,10,10,10,EN-GB,British,£,0.067,attfirst,firstletter,P,S,recipient,nat_in_out,another national group,10,10,0.67
p029,4/4/22,3:17:17,4/4/22,3:29:30,100,732,EN-GB,10,10,10,10,10,10,NA,NA,NA,NA,NA,NA,10,10,10,10,10,10,EN-GB,British,£,0.067,attfirst,firstletter,P,S,allocator,nat_out,another national group,10,10,0.67
p030,4/4/22,3:16:04,4/4/22,3:29:40,100,816,EN-GB,10,10,5,15,10,10,NA,NA,NA,NA,NA,NA,10,10,10,10,10,10,EN-GB,British,£,0.067,attfirst,firstletter,K,M,recipient,nat_out_self,another national group,10,10,0.67
p031,4/4/22,3:22:20,4/4/22,3:29:47,100,447,EN-GB,NA,NA,NA,NA,NA,NA,10,10,10,10,10,10,10,10,10,10,10,10,EN-GB,British,£,0.067,allofirst,secondletter,M,K,allocator,min_in,Group M,10,10,0.67
p032,4/4/22,3:17:14,4/4/22,3:29:49,100,754,EN-GB,11,9,12,8,11,9,NA,NA,NA,NA,NA,NA,15,5,18,2,13,7,EN-GB,British,£,0.067,allofirst,firstletter,H,J,recipient,nat_out_self,another national group,10,10,0.67
p033,4/4/22,3:20:30,4/4/22,3:30:30,100,599,EN-GB,NA,NA,NA,NA,NA,NA,10,10,10,10,10,10,10,10,10,10,10,10,EN-GB,British,£,0.067,attfirst,secondletter,S,P,recipient,nat_in_out,another national group,10,10,0.67
p034,4/4/22,3:15:17,4/4/22,3:30:50,100,932,EN-GB,NA,NA,NA,NA,NA,NA,10,10,10,10,10,10,10,10,10,10,10,10,EN-GB,British,£,0.067,allofirst,secondletter,N,L,allocator,nat_in,your national group,10,10,0.67
p035,4/4/22,3:20:11,4/4/22,3:31:00,100,649,EN-GB,10,10,10,10,10,10,NA,NA,NA,NA,NA,NA,10,10,10,10,10,10,EN-GB,British,£,0.067,allofirst,firstletter,L,N,recipient,nat_in_out,another national group,10,10,0.67
p036,4/4/22,3:16:40,4/4/22,3:31:18,100,877,EN-GB,NA,NA,NA,NA,NA,NA,10,10,15,5,10,10,13,7,13,7,10,10,EN-GB,British,£,0.067,allofirst,secondletter,M,K,allocator,min_out,Group K,15,15,1.005
p037,4/4/22,3:14:07,4/4/22,3:31:22,100,1035,EN-GB,10,10,12,8,10,10,NA,NA,NA,NA,NA,NA,10,10,13,7,13,7,EN-GB,British,£,0.067,allofirst,firstletter,P,S,allocator,min_in,Group P,10,10,0.67
p038,4/4/22,3:23:50,4/4/22,3:32:27,100,516,EN-GB,20,0,20,0,20,0,NA,NA,NA,NA,NA,NA,10,10,10,10,10,10,EN-GB,British,£,0.067,attfirst,firstletter,P,S,recipient,nat_out_self,another national group,10,10,0.67
p039,4/4/22,3:23:45,4/4/22,3:32:40,100,534,EN-GB,NA,NA,NA,NA,NA,NA,12,8,12,8,10,10,12,8,12,8,10,10,EN-GB,British,£,0.067,allofirst,secondletter,M,K,allocator,nat_in,your national group,12,12,0.804
p040,4/4/22,3:16:46,4/4/22,3:32:50,100,964,EN-GB,10,10,10,10,10,10,NA,NA,NA,NA,NA,NA,10,10,10,10,10,10,EN-GB,British,£,0.067,attfirst,firstletter,L,N,recipient,nat_in_out,another national group,10,10,0.67
p041,4/4/22,3:22:59,4/4/22,3:33:01,100,602,EN-GB,NA,NA,NA,NA,NA,NA,10,10,10,10,10,10,15,5,10,10,10,10,EN-GB,British,£,0.067,allofirst,secondletter,J,H,recipient,nat_in_out,another national group,10,10,0.67
p042,4/4/22,3:22:58,4/4/22,3:33:02,100,603,EN-GB,NA,NA,NA,NA,NA,NA,15,5,20,0,15,5,20,0,20,0,10,10,EN-GB,British,£,0.067,attfirst,secondletter,N,L,allocator,nat_out,another national group,20,20,1.34
p043,4/4/22,3:20:48,4/4/22,3:33:03,100,734,EN-GB,10,10,10,10,10,10,NA,NA,NA,NA,NA,NA,10,10,10,10,10,10,EN-GB,British,£,0.067,allofirst,firstletter,P,S,recipient,nat_out_self,another national group,10,10,0.67
p044,4/4/22,3:22:16,4/4/22,3:33:03,100,646,EN-GB,15,5,10,10,10,10,NA,NA,NA,NA,NA,NA,10,10,10,10,10,10,EN-GB,British,£,0.067,allofirst,firstletter,K,M,allocator,min_out,Group M,10,10,0.67
p045,4/4/22,3:26:50,4/4/22,3:33:29,100,399,EN-GB,12,8,6,14,17,3,NA,NA,NA,NA,NA,NA,17,3,5,15,10,10,EN-GB,British,£,0.067,attfirst,firstletter,L,N,allocator,nat_in,your national group,17,17,1.139
p046,4/4/22,3:25:02,4/4/22,3:33:29,100,507,EN-GB,10,10,10,10,10,10,NA,NA,NA,NA,NA,NA,10,10,10,10,10,10,EN-GB,British,£,0.067,attfirst,firstletter,H,J,allocator,nat_out,another national group,10,10,0.67
p047,4/4/22,3:25:08,4/4/22,3:33:30,100,501,EN-GB,20,0,20,0,10,10,NA,NA,NA,NA,NA,NA,20,0,20,0,10,10,EN-GB,British,£,0.067,attfirst,firstletter,P,S,recipient,nat_out_self,another national group,10,10,0.67
p048,4/4/22,3:23:43,4/4/22,3:33:45,100,602,EN-GB,20,0,20,0,10,10,NA,NA,NA,NA,NA,NA,20,0,20,0,10,10,EN-GB,British,£,0.067,allofirst,firstletter,K,M,recipient,nat_in_out,another national group,10,10,0.67
p049,4/4/22,3:14:07,4/4/22,3:33:52,100,1184,EN-GB,NA,NA,NA,NA,NA,NA,10,10,10,10,10,10,20,0,10,10,10,10,EN-GB,British,£,0.067,allofirst,secondletter,M,K,recipient,nat_in_out,another national group,10,10,0.67
p050,4/4/22,3:12:59,4/4/22,3:33:56,100,1256,EN-GB,NA,NA,NA,NA,NA,NA,10,10,10,10,10,10,10,10,10,10,10,10,EN-GB,British,£,0.067,attfirst,secondletter,S,P,allocator,min_out,Group P,10,10,0.67
p051,4/4/22,3:22:38,4/4/22,3:34:08,100,690,EN-GB,NA,NA,NA,NA,NA,NA,10,10,15,5,15,5,18,2,15,5,8,12,EN-GB,British,£,0.067,attfirst,secondletter,N,L,recipient,nat_out_self,another national group,10,10,0.67
p052,4/4/22,3:23:41,4/4/22,3:34:20,100,638,EN-GB,NA,NA,NA,NA,NA,NA,10,10,10,10,10,10,18,2,15,5,8,12,EN-GB,British,£,0.067,attfirst,secondletter,J,H,allocator,nat_in,your national group,18,18,1.206
p053,4/4/22,3:26:46,4/4/22,3:34:26,100,460,EN-GB,10,10,10,10,10,10,NA,NA,NA,NA,NA,NA,10,10,10,10,10,10,EN-GB,British,£,0.067,allofirst,firstletter,L,N,allocator,min_out,Group N,10,10,0.67
p054,4/4/22,3:25:07,4/4/22,3:34:29,100,562,EN-GB,NA,NA,NA,NA,NA,NA,15,5,15,5,10,10,15,5,15,5,10,10,EN-GB,British,£,0.067,allofirst,secondletter,S,P,recipient,nat_in_out,another national group,10,10,0.67
p055,4/4/22,3:24:25,4/4/22,3:34:36,100,611,EN-GB,NA,NA,NA,NA,NA,NA,10,10,10,10,10,10,10,10,10,10,10,10,EN-GB,British,£,0.067,attfirst,secondletter,M,K,recipient,nat_out_self,another national group,10,10,0.67
p056,4/4/22,3:25:50,4/4/22,3:34:56,100,546,EN-GB,NA,NA,NA,NA,NA,NA,12,8,12,8,10,10,15,5,12,8,10,10,EN-GB,British,£,0.067,allofirst,secondletter,J,H,allocator,min_in,Group J,12,12,0.804
p057,4/4/22,3:07:49,4/4/22,3:34:59,100,1630,EN-GB,15,5,13,7,15,5,NA,NA,NA,NA,NA,NA,15,5,15,5,10,10,EN-GB,British,£,0.067,allofirst,firstletter,L,N,allocator,nat_out,another national group,15,15,1.005
p058,4/4/22,3:21:24,4/4/22,3:35:04,100,820,EN-GB,10,10,10,10,10,10,NA,NA,NA,NA,NA,NA,10,10,10,10,10,10,EN-GB,British,£,0.067,allofirst,firstletter,P,S,allocator,min_in,Group P,10,10,0.67
p059,4/4/22,3:24:10,4/4/22,3:35:06,100,656,EN-GB,NA,NA,NA,NA,NA,NA,10,10,10,10,10,10,10,10,10,10,10,10,EN-GB,British,£,0.067,allofirst,secondletter,N,L,recipient,nat_out_self,another national group,10,10,0.67
p060,4/4/22,3:25:43,4/4/22,3:35:11,100,567,EN-GB,10,10,10,10,10,10,NA,NA,NA,NA,NA,NA,10,10,10,10,10,10,EN-GB,British,£,0.067,allofirst,firstletter,H,J,recipient,nat_in_out,another national group,10,10,0.67
p061,4/4/22,3:22:30,4/4/22,3:35:14,100,764,EN-GB,10,10,10,10,10,10,NA,NA,NA,NA,NA,NA,10,10,10,10,12,8,EN-GB,British,£,0.067,attfirst,firstletter,K,M,allocator,nat_out,another national group,10,10,0.67
p062,4/4/22,3:18:09,4/4/22,3:35:30,100,1040,EN-GB,10,10,20,0,20,0,NA,NA,NA,NA,NA,NA,10,10,10,10,10,10,EN-GB,British,£,0.067,attfirst,firstletter,L,N,recipient,nat_out_self,another national group,10,10,0.67
p063,4/4/22,3:28:42,4/4/22,3:35:51,100,429,EN-GB,10,10,20,0,20,0,NA,NA,NA,NA,NA,NA,10,10,10,10,10,10,EN-GB,British,£,0.067,allofirst,firstletter,P,S,recipient,nat_in_out,another national group,10,10,0.67
p064,4/4/22,3:26:39,4/4/22,3:36:10,100,570,EN-GB,10,10,20,0,20,0,NA,NA,NA,NA,NA,NA,20,0,20,0,10,10,EN-GB,British,£,0.067,allofirst,firstletter,L,N,allocator,nat_in,your national group,20,20,1.34
p065,4/4/22,3:20:26,4/4/22,3:36:19,100,953,EN-GB,10,10,13,7,12,8,NA,NA,NA,NA,NA,NA,12,8,12,8,10,10,EN-GB,British,£,0.067,attfirst,firstletter,H,J,allocator,min_in,Group H,10,10,0.67
p066,4/4/22,3:24:23,4/4/22,3:36:44,100,740,EN-GB,10,10,10,10,10,10,NA,NA,NA,NA,NA,NA,10,10,10,10,10,10,EN-GB,British,£,0.067,allofirst,firstletter,L,N,recipient,nat_in_out,another national group,10,10,0.67
p067,4/4/22,3:24:17,4/4/22,3:36:54,100,757,EN-GB,10,10,10,10,10,10,NA,NA,NA,NA,NA,NA,10,10,10,10,10,10,EN-GB,British,£,0.067,allofirst,firstletter,H,J,allocator,min_out,Group J,10,10,0.67
p068,4/4/22,3:28:01,4/4/22,3:36:56,100,534,EN-GB,NA,NA,NA,NA,NA,NA,15,5,15,5,15,5,15,5,15,5,15,5,EN-GB,British,£,0.067,allofirst,secondletter,S,P,recipient,nat_out_self,another national group,10,10,0.67
p069,4/4/22,3:27:46,4/4/22,3:36:58,100,552,EN-GB,15,5,15,5,10,10,NA,NA,NA,NA,NA,NA,10,10,10,10,10,10,EN-GB,British,£,0.067,attfirst,firstletter,K,M,recipient,nat_in_out,another national group,10,10,0.67
p070,4/4/22,3:25:23,4/4/22,3:37:06,100,703,EN-GB,NA,NA,NA,NA,NA,NA,10,10,10,10,10,10,10,10,10,10,10,10,EN-GB,British,£,0.067,attfirst,secondletter,N,L,recipient,nat_in_out,another national group,10,10,0.67
p071,4/4/22,3:27:59,4/4/22,3:37:08,100,548,EN-GB,20,0,20,0,10,10,NA,NA,NA,NA,NA,NA,20,0,20,0,10,10,EN-GB,British,£,0.067,allofirst,firstletter,H,J,allocator,nat_in,your national group,20,20,1.34
p072,4/4/22,3:27:39,4/4/22,3:37:09,100,570,EN-GB,15,5,15,5,15,5,NA,NA,NA,NA,NA,NA,15,5,15,5,15,5,EN-GB,British,£,0.067,attfirst,firstletter,L,N,allocator,nat_out,another national group,15,15,1.005
p073,4/4/22,3:25:47,4/4/22,3:37:10,100,682,EN-GB,NA,NA,NA,NA,NA,NA,10,10,13,7,11,9,13,7,14,6,10,10,EN-GB,British,£,0.067,attfirst,secondletter,J,H,allocator,min_out,Group H,13,13,0.871
p074,4/4/22,3:28:45,4/4/22,3:37:15,100,509,EN-GB,NA,NA,NA,NA,NA,NA,10,10,10,10,10,10,10,10,10,10,10,10,EN-GB,British,£,0.067,allofirst,secondletter,M,K,recipient,nat_out_self,another national group,10,10,0.67
p075,4/4/22,3:23:55,4/4/22,3:37:16,100,800,EN-GB,NA,NA,NA,NA,NA,NA,10,10,20,0,10,10,10,10,10,10,10,10,EN-GB,British,£,0.067,attfirst,secondletter,M,K,recipient,nat_out_self,another national group,10,10,0.67
p076,4/4/22,3:18:36,4/4/22,3:37:39,100,1143,EN-GB,NA,NA,NA,NA,NA,NA,15,5,15,5,10,10,12,8,15,5,15,5,EN-GB,British,£,0.067,allofirst,secondletter,S,P,allocator,min_in,Group S,15,15,1.005
p077,4/4/22,3:29:44,4/4/22,3:37:43,100,479,EN-GB,NA,NA,NA,NA,NA,NA,10,10,10,10,10,10,10,10,10,10,10,10,EN-GB,British,£,0.067,attfirst,secondletter,J,H,allocator,nat_out,another national group,10,10,0.67
p078,4/4/22,3:27:29,4/4/22,3:37:45,100,616,EN-GB,NA,NA,NA,NA,NA,NA,10,10,10,10,10,10,10,10,10,10,10,10,EN-GB,British,£,0.067,attfirst,secondletter,M,K,allocator,min_in,Group M,10,10,0.67
p079,4/4/22,3:26:57,4/4/22,3:37:46,100,649,EN-GB,NA,NA,NA,NA,NA,NA,10,10,10,10,10,10,15,5,15,5,10,10,EN-GB,British,£,0.067,allofirst,secondletter,S,P,recipient,nat_in_out,another national group,10,10,0.67
p080,4/4/22,3:25:10,4/4/22,3:37:49,100,758,EN-GB,10,10,10,10,10,10,NA,NA,NA,NA,NA,NA,10,10,10,10,10,10,EN-GB,British,£,0.067,attfirst,firstletter,L,N,recipient,nat_in_out,another national group,10,10,0.67
p081,4/4/22,3:30:55,4/4/22,3:38:00,100,425,EN-GB,10,10,10,10,10,10,NA,NA,NA,NA,NA,NA,10,10,10,10,10,10,EN-GB,British,£,0.067,allofirst,firstletter,H,J,recipient,nat_out_self,another national group,10,10,0.67
p082,4/4/22,3:26:44,4/4/22,3:38:08,100,684,EN-GB,NA,NA,NA,NA,NA,NA,10,10,10,10,10,10,10,10,10,10,10,10,EN-GB,British,£,0.067,allofirst,secondletter,J,H,recipient,nat_out_self,another national group,10,10,0.67
p083,4/4/22,3:29:11,4/4/22,3:38:16,100,545,EN-GB,10,10,10,10,10,10,NA,NA,NA,NA,NA,NA,10,10,10,10,10,10,EN-GB,British,£,0.067,allofirst,firstletter,L,N,allocator,min_out,Group N,10,10,0.67
p084,4/4/22,3:22:31,4/4/22,3:38:16,100,945,EN-GB,NA,NA,NA,NA,NA,NA,10,10,10,10,10,10,10,10,20,0,10,10,EN-GB,British,£,0.067,allofirst,secondletter,S,P,allocator,nat_in,your national group,10,10,0.67
p085,4/4/22,3:24:38,4/4/22,3:38:47,100,849,EN-GB,NA,NA,NA,NA,NA,NA,10,10,20,0,10,10,20,0,20,0,10,10,EN-GB,British,£,0.067,attfirst,secondletter,S,P,allocator,nat_in,your national group,20,20,1.34
p086,4/4/22,3:26:12,4/4/22,3:39:09,100,777,EN-GB,0,20,0,20,10,10,NA,NA,NA,NA,NA,NA,0,20,0,20,10,10,EN-GB,British,£,0.067,attfirst,firstletter,K,M,recipient,nat_out_self,another national group,10,10,0.67
p087,4/4/22,3:31:09,4/4/22,3:39:13,100,484,EN-GB,10,10,15,5,10,10,NA,NA,NA,NA,NA,NA,10,10,10,10,10,10,EN-GB,British,£,0.067,attfirst,firstletter,L,N,allocator,nat_out,another national group,10,10,0.67
p088,4/4/22,3:27:09,4/4/22,3:39:22,100,733,EN-GB,NA,NA,NA,NA,NA,NA,0,20,0,20,10,10,0,20,0,20,10,10,EN-GB,British,£,0.067,allofirst,secondletter,N,L,recipient,nat_in_out,another national group,10,10,0.67
p089,4/4/22,3:28:08,4/4/22,3:39:30,100,682,EN-GB,NA,NA,NA,NA,NA,NA,10,10,10,10,10,10,10,10,10,10,10,10,EN-GB,British,£,0.067,allofirst,secondletter,N,L,allocator,min_out,Group L,10,10,0.67
p090,4/4/22,3:26:44,4/4/22,3:39:30,100,765,EN-GB,NA,NA,NA,NA,NA,NA,10,10,15,5,10,10,10,10,10,10,15,5,EN-GB,British,£,0.067,attfirst,secondletter,S,P,allocator,min_out,Group P,15,15,1.005
p091,4/4/22,3:26:42,4/4/22,3:39:32,100,770,EN-GB,15,5,15,5,10,10,NA,NA,NA,NA,NA,NA,15,5,15,5,10,10,EN-GB,British,£,0.067,attfirst,firstletter,P,S,allocator,min_in,Group P,15,15,1.005
p092,4/4/22,3:25:09,4/4/22,3:39:33,100,864,EN-GB,NA,NA,NA,NA,NA,NA,10,10,10,10,10,10,10,10,10,10,10,10,EN-GB,British,£,0.067,allofirst,secondletter,M,K,recipient,nat_out_self,another national group,10,10,0.67
p093,4/4/22,3:22:12,4/4/22,3:39:33,100,1041,EN-GB,10,10,10,10,10,10,NA,NA,NA,NA,NA,NA,10,10,10,10,10,10,EN-GB,British,£,0.067,attfirst,firstletter,K,M,recipient,nat_in_out,another national group,10,10,0.67
p094,4/4/22,3:27:10,4/4/22,3:39:35,100,744,EN-GB,10,10,10,10,10,10,NA,NA,NA,NA,NA,NA,10,10,10,10,8,12,EN-GB,British,£,0.067,attfirst,firstletter,H,J,recipient,nat_in_out,another national group,10,10,0.67
p095,4/4/22,3:31:25,4/4/22,3:39:48,100,502,EN-GB,NA,NA,NA,NA,NA,NA,15,5,15,5,10,10,15,5,15,5,15,5,EN-GB,British,£,0.067,allofirst,secondletter,N,L,allocator,nat_in,your national group,15,15,1.005
p096,4/4/22,3:29:59,4/4/22,3:39:57,100,598,EN-GB,NA,NA,NA,NA,NA,NA,20,0,20,0,15,5,20,0,20,0,10,10,EN-GB,British,£,0.067,allofirst,secondletter,J,H,allocator,nat_out,another national group,20,20,1.34
p097,4/4/22,3:27:46,4/4/22,3:40:21,100,754,EN-GB,NA,NA,NA,NA,NA,NA,10,10,10,10,10,10,10,10,10,10,10,10,EN-GB,British,£,0.067,attfirst,secondletter,N,L,recipient,nat_in_out,another national group,10,10,0.67
p098,4/4/22,3:27:46,4/4/22,3:40:22,100,756,EN-GB,NA,NA,NA,NA,NA,NA,10,10,10,10,10,10,10,10,10,10,10,10,EN-GB,British,£,0.067,attfirst,secondletter,J,H,recipient,nat_out_self,another national group,10,10,0.67
p099,4/4/22,3:22:00,4/4/22,3:40:26,100,1106,EN-GB,NA,NA,NA,NA,NA,NA,15,5,15,5,10,10,15,5,15,5,10,10,EN-GB,British,£,0.067,allofirst,secondletter,N,L,recipient,nat_out_self,another national group,10,10,0.67
p100,4/4/22,3:30:23,4/4/22,3:40:35,100,611,EN-GB,NA,NA,NA,NA,NA,NA,15,5,10,10,10,10,15,5,15,5,10,10,EN-GB,British,£,0.067,allofirst,secondletter,S,P,allocator,nat_in,your national group,15,15,1.005
p101,4/4/22,3:26:08,4/4/22,3:40:35,100,867,EN-GB,NA,NA,NA,NA,NA,NA,10,10,10,10,10,10,10,10,10,10,10,10,EN-GB,British,£,0.067,attfirst,secondletter,M,K,allocator,nat_out,another national group,10,10,0.67
p102,4/4/22,3:25:03,4/4/22,3:40:45,100,942,EN-GB,10,10,10,10,10,10,NA,NA,NA,NA,NA,NA,10,10,10,10,10,10,EN-GB,British,£,0.067,allofirst,firstletter,K,M,allocator,min_out,Group M,10,10,0.67
p103,4/4/22,3:24:45,4/4/22,3:40:51,100,965,EN-GB,10,10,10,10,10,10,NA,NA,NA,NA,NA,NA,10,10,10,10,10,10,EN-GB,British,£,0.067,allofirst,firstletter,P,S,recipient,nat_out_self,another national group,10,10,0.67
p104,4/4/22,3:32:04,4/4/22,3:40:56,100,532,EN-GB,11,9,20,0,15,5,NA,NA,NA,NA,NA,NA,20,0,20,0,10,10,EN-GB,British,£,0.067,attfirst,firstletter,K,M,allocator,min_in,Group K,11,11,0.737
p105,4/4/22,3:31:52,4/4/22,3:40:57,100,545,EN-GB,NA,NA,NA,NA,NA,NA,10,10,10,10,5,15,10,10,10,10,10,10,EN-GB,British,£,0.067,attfirst,secondletter,S,P,allocator,min_in,Group S,10,10,0.67
p106,4/4/22,3:29:52,4/4/22,3:41:10,100,677,EN-GB,10,10,10,10,10,10,NA,NA,NA,NA,NA,NA,10,10,10,10,10,10,EN-GB,British,£,0.067,allofirst,firstletter,P,S,recipient,nat_in_out,another national group,10,10,0.67
p107,4/4/22,3:23:03,4/4/22,3:41:15,100,1091,EN-GB,10,10,15,5,12,8,NA,NA,NA,NA,NA,NA,12,8,15,5,10,10,EN-GB,British,£,0.067,attfirst,firstletter,H,J,recipient,nat_in_out,another national group,10,10,0.67
p108,4/4/22,3:22:43,4/4/22,3:41:16,100,1112,EN-GB,NA,NA,NA,NA,NA,NA,10,10,10,10,10,10,10,10,10,10,10,10,EN-GB,British,£,0.067,attfirst,secondletter,S,P,allocator,min_in,Group S,10,10,0.67
p109,4/4/22,3:25:55,4/4/22,3:41:40,100,944,EN-GB,NA,NA,NA,NA,NA,NA,20,0,20,0,10,10,20,0,20,0,10,10,EN-GB,British,£,0.067,allofirst,secondletter,J,H,recipient,nat_out_self,another national group,10,10,0.67
p110,4/4/22,3:14:20,4/4/22,3:41:42,100,1641,EN-GB,10,10,10,10,10,10,NA,NA,NA,NA,NA,NA,10,10,10,10,10,10,EN-GB,British,£,0.067,allofirst,firstletter,H,J,recipient,nat_in_out,another national group,10,10,0.67
p111,4/4/22,3:32:38,4/4/22,3:41:45,100,546,EN-GB,20,0,10,10,10,10,NA,NA,NA,NA,NA,NA,20,0,0,20,0,20,EN-GB,British,£,0.067,allofirst,firstletter,H,J,recipient,nat_out_self,another national group,10,10,0.67
p112,4/4/22,3:28:25,4/4/22,3:41:51,100,806,EN-GB,19,1,20,0,20,0,NA,NA,NA,NA,NA,NA,19,1,20,0,15,5,EN-GB,British,£,0.067,attfirst,firstletter,P,S,allocator,nat_in,your national group,19,19,1.273
p113,4/4/22,3:26:51,4/4/22,3:41:56,100,905,EN-GB,15,5,18,2,12,8,NA,NA,NA,NA,NA,NA,10,10,10,10,10,10,EN-GB,British,£,0.067,allofirst,firstletter,H,J,recipient,nat_out_self,another national group,10,10,0.67
p114,4/4/22,3:27:34,4/4/22,3:42:00,100,865,EN-GB,10,10,10,10,10,10,NA,NA,NA,NA,NA,NA,10,10,10,10,10,10,EN-GB,British,£,0.067,attfirst,firstletter,P,S,recipient,nat_in_out,another national group,10,10,0.67
p115,4/4/22,3:27:22,4/4/22,3:42:22,100,899,EN-GB,10,10,10,10,10,10,NA,NA,NA,NA,NA,NA,10,10,5,15,10,10,EN-GB,British,£,0.067,allofirst,firstletter,P,S,allocator,nat_out,another national group,5,5,0.335
p116,4/4/22,3:35:28,4/4/22,3:42:22,100,414,EN-GB,NA,NA,NA,NA,NA,NA,20,0,0,20,10,10,0,20,0,20,10,10,EN-GB,British,£,0.067,allofirst,secondletter,M,K,allocator,min_out,Group K,0,0,0
p117,4/4/22,3:21:48,4/4/22,3:42:24,100,1236,EN-GB,NA,NA,NA,NA,NA,NA,10,10,10,10,10,10,10,10,10,10,10,10,EN-GB,British,£,0.067,attfirst,secondletter,M,K,allocator,nat_out,another national group,10,10,0.67
p118,4/4/22,3:31:31,4/4/22,3:42:34,100,663,EN-GB,NA,NA,NA,NA,NA,NA,10,10,10,10,10,10,10,10,10,10,10,10,EN-GB,British,£,0.067,attfirst,secondletter,N,L,recipient,nat_out_self,another national group,10,10,0.67
p119,4/4/22,3:24:16,4/4/22,3:42:50,100,1114,EN-GB,20,0,20,0,10,10,NA,NA,NA,NA,NA,NA,20,0,20,0,10,10,EN-GB,British,£,0.067,attfirst,firstletter,L,N,allocator,min_out,Group N,20,20,1.34
p120,4/4/22,3:24:07,4/4/22,3:42:56,100,1129,EN-GB,NA,NA,NA,NA,NA,NA,10,10,15,5,15,5,10,10,10,10,10,10,EN-GB,British,£,0.067,allofirst,secondletter,M,K,recipient,nat_in_out,another national group,10,10,0.67
p121,4/4/22,3:27:09,4/4/22,3:43:03,100,954,EN-GB,NA,NA,NA,NA,NA,NA,15,5,15,5,10,10,15,5,15,5,10,10,EN-GB,British,£,0.067,attfirst,secondletter,J,H,recipient,nat_in_out,another national group,10,10,0.67
p122,4/4/22,3:23:17,4/4/22,3:43:21,100,1203,EN-GB,15,5,15,5,15,5,NA,NA,NA,NA,NA,NA,15,5,15,5,10,10,EN-GB,British,£,0.067,allofirst,firstletter,L,N,allocator,nat_in,your national group,15,15,1.005
p123,4/4/22,3:35:23,4/4/22,3:43:54,100,510,EN-GB,14,6,14,6,12,8,NA,NA,NA,NA,NA,NA,14,6,14,6,10,10,EN-GB,British,£,0.067,attfirst,firstletter,P,S,recipient,nat_out_self,another national group,10,10,0.67
p124,4/4/22,3:27:49,4/4/22,3:44:07,100,977,EN-GB,10,10,15,5,15,5,NA,NA,NA,NA,NA,NA,10,10,10,10,10,10,EN-GB,British,£,0.067,allofirst,firstletter,K,M,allocator,min_in,Group K,10,10,0.67
p125,4/4/22,3:31:19,4/4/22,3:44:19,100,780,EN-GB,20,0,20,0,10,10,NA,NA,NA,NA,NA,NA,10,10,15,5,15,5,EN-GB,British,£,0.067,attfirst,firstletter,H,J,allocator,nat_in,your national group,10,10,0.67
p126,4/4/22,3:31:51,4/4/22,3:44:31,100,760,EN-GB,NA,NA,NA,NA,NA,NA,20,0,20,0,10,10,20,0,20,0,10,10,EN-GB,British,£,0.067,allofirst,secondletter,N,L,allocator,min_out,Group L,20,20,1.34
p127,4/4/22,3:27:22,4/4/22,3:44:39,100,1037,EN-GB,NA,NA,NA,NA,NA,NA,15,5,15,5,10,10,15,5,15,5,10,10,EN-GB,British,£,0.067,allofirst,secondletter,M,K,recipient,nat_in_out,another national group,10,10,0.67
p128,4/4/22,3:32:51,4/4/22,3:44:46,100,714,EN-GB,NA,NA,NA,NA,NA,NA,15,5,18,2,15,5,19,1,19,1,10,10,EN-GB,British,£,0.067,attfirst,secondletter,N,L,allocator,nat_out,another national group,19,19,1.273
p129,4/4/22,3:35:21,4/4/22,3:44:47,100,565,EN-GB,10,10,10,10,10,10,NA,NA,NA,NA,NA,NA,10,10,10,10,10,10,EN-GB,British,£,0.067,allofirst,firstletter,K,M,recipient,nat_out_self,another national group,10,10,0.67
p130,4/4/22,3:36:58,4/4/22,3:45:15,100,497,EN-GB,15,5,15,5,15,5,NA,NA,NA,NA,NA,NA,15,5,15,5,10,10,EN-GB,British,£,0.067,attfirst,firstletter,K,M,recipient,nat_out_self,another national group,10,10,0.67
p131,4/4/22,3:29:56,4/4/22,3:45:15,100,918,EN-GB,15,5,15,5,10,10,NA,NA,NA,NA,NA,NA,15,5,15,5,10,10,EN-GB,British,£,0.067,attfirst,firstletter,K,M,recipient,nat_out_self,another national group,10,10,0.67
p132,4/4/22,3:28:21,4/4/22,3:45:22,100,1020,EN-GB,NA,NA,NA,NA,NA,NA,15,5,15,5,10,10,20,0,20,0,10,10,EN-GB,British,£,0.067,attfirst,secondletter,S,P,recipient,nat_in_out,another national group,10,10,0.67
p133,4/4/22,3:38:15,4/4/22,3:45:42,100,446,EN-GB,NA,NA,NA,NA,NA,NA,20,0,20,0,20,0,10,10,10,10,10,10,EN-GB,British,£,0.067,attfirst,secondletter,M,K,allocator,min_in,Group M,20,20,1.34
p134,4/4/22,3:35:50,4/4/22,3:45:53,100,602,EN-GB,10,10,10,10,10,10,NA,NA,NA,NA,NA,NA,10,10,10,10,10,10,EN-GB,British,£,0.067,attfirst,firstletter,H,J,recipient,nat_in_out,another national group,10,10,0.67
p135,4/4/22,3:37:11,4/4/22,3:45:56,100,524,EN-GB,NA,NA,NA,NA,NA,NA,10,10,15,5,15,5,10,10,10,10,10,10,EN-GB,British,£,0.067,attfirst,secondletter,J,H,allocator,nat_out,another national group,10,10,0.67
p136,4/4/22,3:26:26,4/4/22,3:46:06,100,1179,EN-GB,NA,NA,NA,NA,NA,NA,19,1,20,0,19,1,20,0,20,0,10,10,EN-GB,British,£,0.067,attfirst,secondletter,M,K,allocator,nat_in,your national group,20,20,1.34
p137,4/4/22,3:33:33,4/4/22,3:46:12,100,759,EN-GB,NA,NA,NA,NA,NA,NA,12,8,15,5,10,10,12,8,15,5,10,10,EN-GB,British,£,0.067,allofirst,secondletter,J,H,allocator,nat_in,your national group,12,12,0.804
p138,4/4/22,3:31:32,4/4/22,3:46:28,100,896,EN-GB,10,10,10,10,10,10,NA,NA,NA,NA,NA,NA,10,10,10,10,10,10,EN-GB,British,£,0.067,allofirst,firstletter,L,N,recipient,nat_out_self,another national group,10,10,0.67
p139,4/4/22,3:39:06,4/4/22,3:46:41,100,455,EN-GB,10,10,10,10,10,10,NA,NA,NA,NA,NA,NA,10,10,10,10,10,10,EN-GB,British,£,0.067,allofirst,firstletter,P,S,recipient,nat_in_out,another national group,10,10,0.67
p140,4/4/22,3:35:31,4/4/22,3:46:48,100,676,EN-GB,NA,NA,NA,NA,NA,NA,10,10,10,10,10,10,10,10,10,10,10,10,EN-GB,British,£,0.067,attfirst,secondletter,J,H,allocator,min_in,Group J,10,10,0.67
p141,4/4/22,3:26:01,4/4/22,3:47:12,100,1271,EN-GB,NA,NA,NA,NA,NA,NA,12,8,12,8,10,10,12,8,12,8,10,10,EN-GB,British,£,0.067,attfirst,secondletter,N,L,allocator,nat_out,another national group,12,12,0.804
p142,4/4/22,3:32:13,4/4/22,3:47:13,100,900,EN-GB,12,8,12,8,10,10,NA,NA,NA,NA,NA,NA,12,8,12,8,12,8,EN-GB,British,£,0.067,attfirst,firstletter,L,N,recipient,nat_out_self,another national group,10,10,0.67
p143,4/4/22,3:34:51,4/4/22,3:47:37,100,765,EN-GB,NA,NA,NA,NA,NA,NA,10,10,15,5,15,5,10,10,15,5,10,10,EN-GB,British,£,0.067,attfirst,secondletter,M,K,allocator,nat_out,another national group,15,15,1.005
p144,4/4/22,3:39:00,4/4/22,3:47:47,100,526,EN-GB,15,5,15,5,10,10,NA,NA,NA,NA,NA,NA,15,5,12,8,12,8,EN-GB,British,£,0.067,allofirst,firstletter,L,N,recipient,nat_in_out,another national group,10,10,0.67
p145,4/4/22,3:39:16,4/4/22,3:48:00,100,523,EN-GB,13,7,18,2,15,5,NA,NA,NA,NA,NA,NA,15,5,18,2,13,7,EN-GB,British,£,0.067,attfirst,firstletter,L,N,recipient,nat_in_out,another national group,10,10,0.67
p146,4/4/22,3:38:00,4/4/22,3:48:38,100,637,EN-GB,NA,NA,NA,NA,NA,NA,20,0,20,0,20,0,20,0,20,0,10,10,EN-GB,British,£,0.067,allofirst,secondletter,M,K,allocator,min_out,Group K,20,20,1.34
p147,4/4/22,3:40:47,4/4/22,3:48:47,100,480,EN-GB,10,10,10,10,10,10,NA,NA,NA,NA,NA,NA,10,10,10,10,10,10,EN-GB,British,£,0.067,attfirst,firstletter,K,M,allocator,min_in,Group K,10,10,0.67
p148,4/4/22,3:34:15,4/4/22,3:48:56,100,881,EN-GB,10,10,10,10,10,10,NA,NA,NA,NA,NA,NA,10,10,10,10,10,10,EN-GB,British,£,0.067,allofirst,firstletter,P,S,allocator,min_out,Group S,10,10,0.67
p149,4/4/22,3:36:14,4/4/22,3:49:02,100,768,EN-GB,20,0,20,0,12,8,NA,NA,NA,NA,NA,NA,20,0,20,0,10,10,EN-GB,British,£,0.067,allofirst,firstletter,P,S,recipient,nat_out_self,another national group,10,10,0.67
p150,4/4/22,3:34:19,4/4/22,3:49:12,100,892,EN-GB,15,5,15,5,15,5,NA,NA,NA,NA,NA,NA,14,6,16,4,15,5,EN-GB,British,£,0.067,attfirst,firstletter,P,S,allocator,min_out,Group S,15,15,1.005
p151,4/4/22,3:42:17,4/4/22,3:49:18,100,421,EN-GB,0,20,10,10,10,10,NA,NA,NA,NA,NA,NA,10,10,10,10,20,0,EN-GB,British,£,0.067,attfirst,firstletter,L,N,recipient,nat_out_self,another national group,10,10,0.67
p152,4/4/22,3:41:52,4/4/22,3:49:29,100,456,EN-GB,NA,NA,NA,NA,NA,NA,20,0,20,0,10,10,20,0,20,0,10,10,EN-GB,British,£,0.067,allofirst,secondletter,N,L,allocator,nat_in,your national group,20,20,1.34
p153,4/4/22,3:36:03,4/4/22,3:49:30,100,806,EN-GB,12,8,18,2,18,2,NA,NA,NA,NA,NA,NA,12,8,18,2,12,8,EN-GB,British,£,0.067,attfirst,firstletter,L,N,recipient,nat_in_out,another national group,10,10,0.67
p154,4/4/22,3:42:15,4/4/22,3:49:39,100,444,EN-GB,NA,NA,NA,NA,NA,NA,18,2,18,2,10,10,15,5,18,2,19,1,EN-GB,British,£,0.067,allofirst,secondletter,S,P,allocator,nat_out,another national group,18,18,1.206
p155,4/4/22,3:30:35,4/4/22,3:49:49,100,1154,EN-GB,13,7,15,5,10,10,NA,NA,NA,NA,NA,NA,13,7,13,7,12,8,EN-GB,British,£,0.067,allofirst,firstletter,K,M,recipient,nat_out_self,another national group,10,10,0.67
p156,4/4/22,3:22:47,4/4/22,3:49:55,100,1628,EN-GB,10,10,15,5,10,10,NA,NA,NA,NA,NA,NA,10,10,15,5,15,5,EN-GB,British,£,0.067,attfirst,firstletter,K,M,recipient,nat_in_out,another national group,10,10,0.67
p157,4/4/22,3:37:12,4/4/22,3:50:00,100,768,EN-GB,10,10,10,10,10,10,NA,NA,NA,NA,NA,NA,10,10,10,10,10,10,EN-GB,British,£,0.067,allofirst,firstletter,K,M,recipient,nat_out_self,another national group,10,10,0.67
p158,4/4/22,3:40:31,4/4/22,3:50:05,100,574,EN-GB,NA,NA,NA,NA,NA,NA,10,10,10,10,10,10,10,10,10,10,10,10,EN-GB,British,£,0.067,allofirst,secondletter,N,L,allocator,min_out,Group L,10,10,0.67
p159,4/4/22,3:40:37,4/4/22,3:50:05,100,568,EN-GB,NA,NA,NA,NA,NA,NA,15,5,18,2,15,5,12,8,12,8,14,6,EN-GB,British,£,0.067,allofirst,secondletter,J,H,allocator,nat_in,your national group,12,12,0.804
p160,4/4/22,3:39:55,4/4/22,3:50:15,100,620,EN-GB,10,10,10,10,10,10,NA,NA,NA,NA,NA,NA,10,10,10,10,10,10,EN-GB,British,£,0.067,attfirst,firstletter,K,M,recipient,nat_in_out,another national group,10,10,0.67
p161,4/4/22,3:40:23,4/4/22,3:50:37,100,614,EN-GB,NA,NA,NA,NA,NA,NA,10,10,10,10,10,10,10,10,10,10,10,10,EN-GB,British,£,0.067,attfirst,secondletter,J,H,allocator,nat_out,another national group,10,10,0.67
p162,4/4/22,3:38:50,4/4/22,3:50:40,100,709,EN-GB,NA,NA,NA,NA,NA,NA,15,5,10,10,10,10,15,5,15,5,10,10,EN-GB,British,£,0.067,allofirst,secondletter,M,K,recipient,nat_out_self,another national group,10,10,0.67
p163,4/4/22,3:28:14,4/4/22,3:50:42,100,1347,EN-GB,12,8,12,8,10,10,NA,NA,NA,NA,NA,NA,10,10,10,10,10,10,EN-GB,British,£,0.067,allofirst,firstletter,H,J,allocator,min_in,Group H,12,12,0.804
p164,4/4/22,3:38:14,4/4/22,3:51:29,100,794,EN-GB,NA,NA,NA,NA,NA,NA,10,10,10,10,10,10,10,10,10,10,10,10,EN-GB,British,£,0.067,attfirst,secondletter,S,P,recipient,nat_in_out,another national group,10,10,0.67
p165,4/4/22,3:38:34,4/4/22,3:51:29,100,774,EN-GB,20,0,20,0,20,0,NA,NA,NA,NA,NA,NA,20,0,20,0,20,0,EN-GB,British,£,0.067,allofirst,firstletter,L,N,recipient,nat_out_self,another national group,10,10,0.67
p166,4/4/22,3:42:24,4/4/22,3:51:43,100,558,EN-GB,NA,NA,NA,NA,NA,NA,20,0,20,0,20,0,20,0,20,0,20,0,EN-GB,British,£,0.067,allofirst,secondletter,J,H,allocator,min_in,Group J,20,20,1.34
p167,4/4/22,3:36:00,4/4/22,3:51:59,100,958,EN-GB,NA,NA,NA,NA,NA,NA,10,10,15,5,16,4,16,4,18,2,15,5,EN-GB,British,£,0.067,allofirst,secondletter,N,L,allocator,nat_in,your national group,16,16,1.072
p168,4/4/22,3:40:12,4/4/22,3:52:15,100,722,EN-GB,NA,NA,NA,NA,NA,NA,10,10,10,10,10,10,10,10,10,10,10,10,EN-GB,British,£,0.067,attfirst,secondletter,M,K,recipient,nat_in_out,another national group,10,10,0.67
p169,4/4/22,3:42:16,4/4/22,3:52:25,100,608,EN-GB,15,5,15,5,12,8,NA,NA,NA,NA,NA,NA,15,5,15,5,10,10,EN-GB,British,£,0.067,allofirst,firstletter,H,J,allocator,min_out,Group J,15,15,1.005
p170,4/4/22,3:42:13,4/4/22,3:52:31,100,617,EN-GB,12,8,20,0,15,5,NA,NA,NA,NA,NA,NA,12,8,12,8,8,12,EN-GB,British,£,0.067,attfirst,firstletter,H,J,allocator,min_out,Group J,20,20,1.34
p171,4/4/22,3:35:17,4/4/22,3:52:34,100,1037,EN-GB,NA,NA,NA,NA,NA,NA,20,0,20,0,10,10,20,0,20,0,10,10,EN-GB,British,£,0.067,allofirst,secondletter,S,P,recipient,nat_in_out,another national group,10,10,0.67
p172,4/4/22,3:42:22,4/4/22,3:52:48,100,625,EN-GB,NA,NA,NA,NA,NA,NA,12,8,15,5,13,7,13,7,13,7,10,10,EN-GB,British,£,0.067,attfirst,secondletter,J,H,recipient,nat_out_self,another national group,10,10,0.67
p173,4/4/22,3:41:43,4/4/22,3:52:51,100,668,EN-GB,10,10,15,5,10,10,NA,NA,NA,NA,NA,NA,15,5,20,0,15,5,EN-GB,British,£,0.067,allofirst,firstletter,L,N,recipient,nat_out_self,another national group,10,10,0.67
p174,4/4/22,3:35:27,4/4/22,3:52:57,100,1049,EN-GB,NA,NA,NA,NA,NA,NA,10,10,10,10,10,10,10,10,10,10,10,10,EN-GB,British,£,0.067,attfirst,secondletter,N,L,allocator,min_out,Group L,10,10,0.67
p175,4/4/22,3:39:59,4/4/22,3:53:31,100,812,EN-GB,NA,NA,NA,NA,NA,NA,15,5,15,5,10,10,15,5,15,5,10,10,EN-GB,British,£,0.067,allofirst,secondletter,S,P,recipient,nat_in_out,another national group,10,10,0.67
p176,4/4/22,3:38:06,4/4/22,3:54:12,100,965,EN-GB,10,10,20,0,15,5,NA,NA,NA,NA,NA,NA,10,10,20,0,20,0,EN-GB,British,£,0.067,attfirst,firstletter,H,J,allocator,min_in,Group H,10,10,0.67
p177,4/4/22,3:40:44,4/4/22,3:54:13,100,808,EN-GB,NA,NA,NA,NA,NA,NA,12,8,15,5,15,5,15,5,10,10,8,12,EN-GB,British,£,0.067,attfirst,secondletter,N,L,allocator,nat_out,another national group,10,10,0.67
p178,4/4/22,3:37:24,4/4/22,3:54:30,100,1026,EN-GB,NA,NA,NA,NA,NA,NA,20,0,20,0,20,0,20,0,20,0,10,10,EN-GB,British,£,0.067,allofirst,secondletter,J,H,recipient,nat_in_out,another national group,10,10,0.67
p179,4/4/22,3:36:30,4/4/22,3:54:39,100,1088,EN-GB,NA,NA,NA,NA,NA,NA,20,0,20,0,20,0,20,0,20,0,10,10,EN-GB,British,£,0.067,attfirst,secondletter,S,P,recipient,nat_in_out,another national group,10,10,0.67
p180,4/4/22,3:41:45,4/4/22,3:54:41,100,776,EN-GB,NA,NA,NA,NA,NA,NA,15,5,18,2,12,8,18,2,19,1,15,5,EN-GB,British,£,0.067,attfirst,secondletter,N,L,recipient,nat_out_self,another national group,10,10,0.67
p181,4/4/22,3:47:15,4/4/22,3:55:00,100,464,EN-GB,NA,NA,NA,NA,NA,NA,10,10,15,5,15,5,10,10,10,10,10,10,EN-GB,British,£,0.067,allofirst,secondletter,M,K,recipient,nat_out_self,another national group,10,10,0.67
p182,4/4/22,3:25:23,4/4/22,3:55:11,100,1788,EN-GB,10,10,10,10,10,10,NA,NA,NA,NA,NA,NA,10,10,10,10,10,10,EN-GB,British,£,0.067,allofirst,firstletter,K,M,allocator,nat_in,your national group,10,10,0.67
p183,4/4/22,3:39:45,4/4/22,3:55:13,100,927,EN-GB,20,0,20,0,10,10,NA,NA,NA,NA,NA,NA,20,0,20,0,0,20,EN-GB,British,£,0.067,attfirst,firstletter,H,J,allocator,nat_in,your national group,20,20,1.34
p184,4/4/22,3:41:12,4/4/22,3:55:24,100,852,EN-GB,NA,NA,NA,NA,NA,NA,20,0,20,0,10,10,20,0,20,0,0,20,EN-GB,British,£,0.067,attfirst,secondletter,N,L,allocator,min_in,Group N,20,20,1.34
p185,4/4/22,3:40:39,4/4/22,3:56:26,100,946,EN-GB,NA,NA,NA,NA,NA,NA,15,5,15,5,10,10,15,5,15,5,10,10,EN-GB,British,£,0.067,attfirst,secondletter,M,K,allocator,nat_out,another national group,15,15,1.005
p186,4/4/22,3:27:51,4/4/22,3:56:49,100,1738,EN-GB,10,10,10,10,10,10,NA,NA,NA,NA,NA,NA,12,8,12,8,10,10,EN-GB,British,£,0.067,attfirst,firstletter,H,J,recipient,nat_in_out,another national group,10,10,0.67
p187,4/4/22,3:40:39,4/4/22,3:57:18,100,998,EN-GB,20,0,20,0,20,0,NA,NA,NA,NA,NA,NA,20,0,20,0,10,10,EN-GB,British,£,0.067,allofirst,firstletter,P,S,recipient,nat_out_self,another national group,5,5,0.335
p188,4/4/22,3:41:57,4/4/22,3:57:39,100,941,EN-GB,NA,NA,NA,NA,NA,NA,12,8,15,5,10,10,15,5,10,10,5,15,EN-GB,British,£,0.067,allofirst,secondletter,S,P,allocator,nat_out,another national group,10,10,0.67
p189,4/4/22,3:40:24,4/4/22,3:58:05,100,1061,EN-GB,10,10,10,10,10,10,NA,NA,NA,NA,NA,NA,10,10,15,5,15,5,EN-GB,British,£,0.067,allofirst,firstletter,K,M,allocator,min_in,Group K,10,10,0.67
p190,4/4/22,3:41:13,4/4/22,3:58:23,100,1029,EN-GB,NA,NA,NA,NA,NA,NA,15,5,15,5,15,5,10,10,16,4,16,4,EN-GB,British,£,0.067,allofirst,secondletter,M,K,recipient,nat_in_out,another national group,12,12,0.804
p191,4/4/22,3:42:24,4/4/22,3:59:09,100,1005,EN-GB,NA,NA,NA,NA,NA,NA,10,10,13,7,15,5,13,7,13,7,10,10,EN-GB,British,£,0.067,attfirst,secondletter,S,P,allocator,min_in,Group S,10,10,0.67
p192,4/4/22,3:46:03,4/4/22,3:59:40,100,817,EN-GB,20,0,20,0,10,10,NA,NA,NA,NA,NA,NA,20,0,20,0,10,10,EN-GB,British,£,0.067,attfirst,firstletter,P,S,allocator,nat_in,your national group,20,20,1.34
p193,4/4/22,3:36:22,4/4/22,3:59:49,100,1406,EN-GB,NA,NA,NA,NA,NA,NA,15,5,15,5,15,5,15,5,15,5,17,3,EN-GB,British,£,0.067,allofirst,secondletter,S,P,recipient,nat_out_self,another national group,5,5,0.335
p194,4/4/22,3:39:02,4/4/22,4:02:36,100,1413,EN-GB,5,15,10,10,10,10,NA,NA,NA,NA,NA,NA,10,10,10,10,10,10,EN-GB,British,£,0.067,allofirst,firstletter,H,J,recipient,nat_in_out,another national group,12,12,0.804
p195,4/4/22,3:42:13,4/4/22,4:06:00,100,1427,EN-GB,15,5,15,5,12,8,NA,NA,NA,NA,NA,NA,12,8,15,5,12,8,EN-GB,British,£,0.067,allofirst,firstletter,K,M,allocator,min_in,Group K,15,15,1.005
p196,4/4/22,3:41:18,4/4/22,4:06:41,100,1522,EN-GB,NA,NA,NA,NA,NA,NA,10,10,10,10,10,10,10,10,10,10,10,10,EN-GB,British,£,0.067,attfirst,secondletter,S,P,recipient,nat_out_self,another national group,5,5,0.335
p197,4/4/22,3:42:48,4/4/22,4:11:39,100,1731,EN-GB,10,10,10,10,10,10,NA,NA,NA,NA,NA,NA,10,10,10,10,10,10,EN-GB,British,£,0.067,allofirst,firstletter,H,J,allocator,nat_in,your national group,10,10,0.67
p198,4/4/22,3:41:39,4/4/22,4:14:15,100,1955,EN-GB,15,5,20,0,15,5,NA,NA,NA,NA,NA,NA,15,5,15,5,10,10,EN-GB,British,£,0.067,attfirst,firstletter,K,M,recipient,nat_in_out,another national group,12,12,0.804
p199,4/4/22,3:30:17,4/4/22,4:16:41,100,2783,EN-GB,10,10,10,10,10,10,NA,NA,NA,NA,NA,NA,10,10,10,10,10,10,EN-GB,British,£,0.067,allofirst,firstletter,K,M,allocator,min_out,Group M,10,10,0.67
p200,4/4/22,4:30:15,4/4/22,4:48:34,100,1098,EN-GB,NA,NA,NA,NA,NA,NA,10,10,15,5,15,5,10,10,18,2,18,2,EN-GB,British,£,0.067,allofirst,secondletter,J,H,recipient,nat_out_self,another national group,5,5,0.335
p201,4/4/22,8:09:19,4/4/22,8:16:01,100,401,EN,NA,NA,NA,NA,NA,NA,10,10,10,10,10,10,10,10,10,10,10,10,EN,American,$,0.1,attfirst,secondletter,J,H,allocator,nat_out,another national group,10,10,1
p202,4/4/22,8:06:07,4/4/22,8:25:46,100,1179,EN,10,10,12,8,12,8,NA,NA,NA,NA,NA,NA,12,8,13,7,11,9,EN,American,$,0.1,attfirst,firstletter,P,S,recipient,nat_out_self,another national group,10,10,1
p203,4/4/22,8:15:49,4/4/22,8:32:08,100,979,EN,20,0,20,0,10,10,NA,NA,NA,NA,NA,NA,20,0,20,0,10,10,EN,American,$,0.1,allofirst,firstletter,P,S,recipient,nat_in_out,another national group,10,10,1
p204,4/4/22,8:17:28,4/4/22,8:33:40,100,972,EN,NA,NA,NA,NA,NA,NA,15,5,10,10,10,10,10,10,15,5,10,10,EN,American,$,0.1,allofirst,secondletter,N,L,allocator,min_out,Group L,10,10,1
p205,4/4/22,8:36:38,4/4/22,8:46:56,100,617,EN,NA,NA,NA,NA,NA,NA,10,10,10,10,10,10,10,10,10,10,10,10,EN,American,$,0.1,attfirst,secondletter,M,K,recipient,nat_out_self,another national group,10,10,1
p206,4/4/22,8:34:35,4/4/22,8:49:34,100,899,EN,20,0,20,0,15,5,NA,NA,NA,NA,NA,NA,20,0,20,0,15,5,EN,American,$,0.1,attfirst,firstletter,H,J,allocator,min_in,Group H,20,20,2
p207,4/4/22,8:39:36,4/4/22,8:50:09,100,632,EN,19,1,20,0,10,10,NA,NA,NA,NA,NA,NA,18,2,20,0,15,5,EN,American,$,0.1,allofirst,firstletter,L,N,allocator,nat_out,another national group,20,20,2
p208,4/4/22,8:42:03,4/4/22,8:54:45,100,762,EN,NA,NA,NA,NA,NA,NA,10,10,10,10,10,10,10,10,10,10,10,10,EN,American,$,0.1,attfirst,secondletter,N,L,recipient,nat_in_out,another national group,10,10,1
p209,4/4/22,9:04:37,4/4/22,9:12:17,100,460,EN,10,10,10,10,10,10,NA,NA,NA,NA,NA,NA,10,10,10,10,10,10,EN,American,$,0.1,attfirst,firstletter,P,S,recipient,nat_in_out,another national group,10,10,1
p210,4/4/22,8:40:25,4/4/22,9:13:52,100,2006,EN,NA,NA,NA,NA,NA,NA,10,10,10,10,10,10,10,10,10,10,10,10,EN,American,$,0.1,allofirst,secondletter,M,K,allocator,nat_in,your national group,10,10,1
p211,4/4/22,8:53:45,4/4/22,9:15:26,100,1300,EN,10,10,0,20,0,20,NA,NA,NA,NA,NA,NA,10,10,0,20,0,20,EN,American,$,0.1,allofirst,firstletter,H,J,recipient,nat_out_self,another national group,10,10,1
p212,4/4/22,8:56:31,4/4/22,9:15:26,100,1135,EN,10,10,16,4,16,4,NA,NA,NA,NA,NA,NA,15,5,15,5,15,5,EN,American,$,0.1,attfirst,firstletter,K,M,allocator,min_out,Group M,16,16,1.6
p213,4/4/22,9:02:48,4/4/22,9:19:11,100,982,EN,NA,NA,NA,NA,NA,NA,15,5,15,5,10,10,20,0,15,5,10,10,EN,American,$,0.1,attfirst,secondletter,S,P,recipient,nat_in_out,another national group,10,10,1
p214,4/4/22,9:07:44,4/4/22,9:22:44,100,899,EN,10,10,10,10,10,10,NA,NA,NA,NA,NA,NA,10,10,10,10,10,10,EN,American,$,0.1,allofirst,firstletter,K,M,allocator,nat_out,another national group,10,10,1
p215,4/4/22,9:00:44,4/4/22,9:25:15,100,1470,EN,NA,NA,NA,NA,NA,NA,10,10,10,10,10,10,10,10,10,10,10,10,EN,American,$,0.1,allofirst,secondletter,J,H,recipient,nat_out_self,another national group,10,10,1
p216,4/4/22,9:13:06,4/4/22,9:25:17,100,730,EN,10,10,20,0,15,5,NA,NA,NA,NA,NA,NA,20,0,20,0,10,10,EN,American,$,0.1,attfirst,firstletter,L,N,allocator,nat_in,your national group,20,20,2
p217,4/4/22,9:13:08,4/4/22,9:26:35,100,807,EN,NA,NA,NA,NA,NA,NA,10,10,15,5,15,5,16,4,15,5,10,10,EN,American,$,0.1,attfirst,secondletter,M,K,recipient,nat_in_out,another national group,10,10,1
p218,4/4/22,9:20:35,4/4/22,9:26:53,100,377,EN,10,10,10,10,10,10,NA,NA,NA,NA,NA,NA,10,10,10,10,10,10,EN,American,$,0.1,attfirst,firstletter,L,N,allocator,nat_out,another national group,10,10,1
p219,4/4/22,9:15:41,4/4/22,9:26:54,100,673,EN,NA,NA,NA,NA,NA,NA,20,0,20,0,10,10,20,0,20,0,10,10,EN,American,$,0.1,allofirst,secondletter,S,P,allocator,min_in,Group S,20,20,2
p220,4/4/22,9:12:46,4/4/22,9:27:44,100,898,EN,10,10,10,10,10,10,NA,NA,NA,NA,NA,NA,10,10,10,10,10,10,EN,American,$,0.1,allofirst,firstletter,L,N,recipient,nat_out_self,another national group,10,10,1
p221,4/4/22,9:20:38,4/4/22,9:28:40,100,481,EN,NA,NA,NA,NA,NA,NA,20,0,20,0,20,0,20,0,20,0,0,20,EN,American,$,0.1,attfirst,secondletter,S,P,allocator,min_out,Group P,20,20,2
p222,4/4/22,9:19:29,4/4/22,9:29:34,100,605,EN,10,10,10,10,10,10,NA,NA,NA,NA,NA,NA,10,10,10,10,10,10,EN,American,$,0.1,attfirst,firstletter,H,J,recipient,nat_in_out,another national group,10,10,1
p223,4/4/22,9:15:45,4/4/22,9:29:35,100,830,EN,NA,NA,NA,NA,NA,NA,20,0,20,0,15,5,15,5,20,0,10,10,EN,American,$,0.1,attfirst,secondletter,J,H,recipient,nat_out_self,another national group,10,10,1
p224,4/4/22,9:22:48,4/4/22,9:33:05,100,617,EN,20,0,20,0,20,0,NA,NA,NA,NA,NA,NA,20,0,20,0,20,0,EN,American,$,0.1,attfirst,firstletter,H,J,allocator,nat_in,your national group,20,20,2
p225,4/4/22,9:25:13,4/4/22,9:33:13,100,480,EN,NA,NA,NA,NA,NA,NA,20,0,20,0,10,10,20,0,20,0,10,10,EN,American,$,0.1,allofirst,secondletter,J,H,recipient,nat_out_self,another national group,10,10,1
p226,4/4/22,9:21:37,4/4/22,9:33:23,100,706,EN,NA,NA,NA,NA,NA,NA,10,10,10,10,10,10,15,5,10,10,15,5,EN,American,$,0.1,allofirst,secondletter,N,L,allocator,min_in,Group N,10,10,1
p227,4/4/22,9:26:26,4/4/22,9:34:05,100,459,EN,NA,NA,NA,NA,NA,NA,10,10,18,2,15,5,10,10,18,2,15,5,EN,American,$,0.1,attfirst,secondletter,M,K,recipient,nat_in_out,another national group,10,10,1
p228,4/4/22,9:16:32,4/4/22,9:35:28,100,1136,EN,NA,NA,NA,NA,NA,NA,20,0,20,0,15,5,20,0,20,0,5,15,EN,American,$,0.1,allofirst,secondletter,N,L,allocator,nat_in,your national group,20,20,2
p229,4/4/22,9:30:33,4/4/22,9:37:48,100,434,EN,20,0,20,0,20,0,NA,NA,NA,NA,NA,NA,20,0,20,0,10,10,EN,American,$,0.1,attfirst,firstletter,K,M,allocator,min_out,Group M,20,20,2
p230,4/4/22,9:27:02,4/4/22,9:38:24,100,682,EN,NA,NA,NA,NA,NA,NA,5,15,15,5,10,10,15,5,15,5,10,10,EN,American,$,0.1,attfirst,secondletter,J,H,recipient,nat_out_self,another national group,10,10,1
p231,4/4/22,9:29:55,4/4/22,9:39:26,100,570,EN,NA,NA,NA,NA,NA,NA,10,10,15,5,10,10,10,10,10,10,10,10,EN,American,$,0.1,attfirst,secondletter,N,L,recipient,nat_in_out,another national group,10,10,1
p232,4/4/22,9:32:39,4/4/22,9:40:27,100,468,EN,20,0,20,0,10,10,NA,NA,NA,NA,NA,NA,20,0,20,0,10,10,EN,American,$,0.1,allofirst,firstletter,P,S,allocator,min_in,Group P,20,20,2
p233,4/4/22,9:31:26,4/4/22,9:40:28,100,542,EN,NA,NA,NA,NA,NA,NA,20,0,20,0,10,10,20,0,20,0,10,10,EN,American,$,0.1,attfirst,secondletter,N,L,allocator,min_out,Group L,20,20,2
p234,4/4/22,9:30:48,4/4/22,9:40:59,100,611,EN,15,5,15,5,10,10,NA,NA,NA,NA,NA,NA,15,5,10,10,10,10,EN,American,$,0.1,attfirst,firstletter,K,M,recipient,nat_in_out,another national group,10,10,1
p235,4/4/22,9:32:08,4/4/22,9:41:56,100,588,EN,NA,NA,NA,NA,NA,NA,10,10,17,3,15,5,17,3,10,10,10,10,EN,American,$,0.1,attfirst,secondletter,M,K,allocator,nat_out,another national group,10,10,1
p236,4/4/22,9:35:28,4/4/22,9:43:14,100,465,EN,NA,NA,NA,NA,NA,NA,10,10,10,10,10,10,10,10,10,10,10,10,EN,American,$,0.1,allofirst,secondletter,N,L,recipient,nat_out_self,another national group,10,10,1
p237,4/4/22,9:30:24,4/4/22,9:43:57,100,813,EN,NA,NA,NA,NA,NA,NA,10,10,10,10,10,10,10,10,10,10,10,10,EN,American,$,0.1,allofirst,secondletter,S,P,recipient,nat_in_out,another national group,10,10,1
p238,4/4/22,9:28:24,4/4/22,9:44:34,100,970,EN,10,10,10,10,10,10,NA,NA,NA,NA,NA,NA,10,10,10,10,10,10,EN,American,$,0.1,attfirst,firstletter,P,S,recipient,nat_out_self,another national group,10,10,1
p239,4/4/22,9:32:02,4/4/22,9:44:36,100,754,EN,NA,NA,NA,NA,NA,NA,10,10,10,10,10,10,10,10,10,10,10,10,EN,American,$,0.1,attfirst,secondletter,S,P,allocator,nat_out,another national group,10,10,1
p240,4/4/22,9:37:47,4/4/22,9:44:45,100,417,EN,10,10,20,0,20,0,NA,NA,NA,NA,NA,NA,10,10,10,10,10,10,EN,American,$,0.1,attfirst,firstletter,L,N,allocator,min_in,Group L,10,10,1
p241,4/4/22,9:30:51,4/4/22,9:44:49,100,837,EN,NA,NA,NA,NA,NA,NA,15,5,15,5,10,10,10,10,15,5,15,5,EN,American,$,0.1,allofirst,secondletter,J,H,allocator,nat_in,your national group,10,10,1
p242,4/4/22,9:33:03,4/4/22,9:44:57,100,713,EN,18,2,19,1,19,1,NA,NA,NA,NA,NA,NA,19,1,19,1,20,0,EN,American,$,0.1,allofirst,firstletter,L,N,recipient,nat_out_self,another national group,10,10,1
p243,4/4/22,9:33:50,4/4/22,9:45:20,100,689,EN,14,6,14,6,10,10,NA,NA,NA,NA,NA,NA,12,8,12,8,12,8,EN,American,$,0.1,attfirst,firstletter,H,J,recipient,nat_in_out,another national group,10,10,1
p244,4/4/22,9:38:14,4/4/22,9:45:32,100,438,EN,NA,NA,NA,NA,NA,NA,10,10,20,0,15,5,15,5,10,10,10,10,EN,American,$,0.1,attfirst,secondletter,M,K,allocator,min_in,Group M,10,10,1
p245,4/4/22,9:31:40,4/4/22,9:45:44,100,843,EN,NA,NA,NA,NA,NA,NA,20,0,20,0,20,0,20,0,20,0,20,0,EN,American,$,0.1,allofirst,secondletter,S,P,recipient,nat_out_self,another national group,10,10,1
p246,4/4/22,9:39:58,4/4/22,9:47:37,100,459,EN,10,10,10,10,10,10,NA,NA,NA,NA,NA,NA,10,10,10,10,10,10,EN,American,$,0.1,attfirst,firstletter,P,S,allocator,min_out,Group S,10,10,1
p247,4/4/22,9:32:50,4/4/22,9:47:56,100,906,EN,NA,NA,NA,NA,NA,NA,10,10,10,10,10,10,10,10,10,10,10,10,EN,American,$,0.1,allofirst,secondletter,M,K,recipient,nat_in_out,another national group,10,10,1
p248,4/4/22,9:30:20,4/4/22,9:48:52,100,1112,EN,10,10,10,10,10,10,NA,NA,NA,NA,NA,NA,10,10,15,5,10,10,EN,American,$,0.1,allofirst,firstletter,P,S,allocator,nat_out,another national group,15,15,1.5
p249,4/4/22,9:28:50,4/4/22,9:49:12,100,1221,EN,NA,NA,NA,NA,NA,NA,10,10,10,10,15,5,10,10,10,10,10,10,EN,American,$,0.1,allofirst,secondletter,M,K,recipient,nat_out_self,another national group,10,10,1
p250,4/4/22,9:14:24,4/4/22,9:50:14,100,2150,EN,14,6,15,5,12,8,NA,NA,NA,NA,NA,NA,10,10,12,8,13,7,EN,American,$,0.1,allofirst,firstletter,L,N,allocator,nat_in,your national group,10,10,1
p251,4/4/22,9:31:16,4/4/22,9:50:41,100,1165,EN,10,10,10,10,10,10,NA,NA,NA,NA,NA,NA,10,10,10,10,10,10,EN,American,$,0.1,allofirst,firstletter,K,M,allocator,nat_in,your national group,10,10,1
p252,4/4/22,9:37:56,4/4/22,9:51:09,100,792,EN,NA,NA,NA,NA,NA,NA,15,5,20,0,10,10,15,5,5,15,10,10,EN,American,$,0.1,allofirst,secondletter,N,L,recipient,nat_in_out,another national group,10,10,1
p253,4/4/22,9:41:00,4/4/22,9:52:29,100,688,EN,10,10,20,0,10,10,NA,NA,NA,NA,NA,NA,15,5,20,0,19,1,EN,American,$,0.1,attfirst,firstletter,K,M,recipient,nat_in_out,another national group,10,10,1
p254,4/4/22,9:42:14,4/4/22,9:53:27,100,673,EN,NA,NA,NA,NA,NA,NA,20,0,20,0,20,0,20,0,20,0,20,0,EN,American,$,0.1,attfirst,secondletter,N,L,allocator,min_out,Group L,20,20,2
p255,4/4/22,9:35:13,4/4/22,9:54:11,100,1137,EN,12,8,12,8,10,10,NA,NA,NA,NA,NA,NA,13,7,13,7,10,10,EN,American,$,0.1,allofirst,firstletter,H,J,allocator,nat_out,another national group,13,13,1.3
p256,4/4/22,9:47:06,4/4/22,9:54:33,100,447,EN,NA,NA,NA,NA,NA,NA,10,10,10,10,10,10,10,10,10,10,10,10,EN,American,$,0.1,allofirst,secondletter,N,L,recipient,nat_out_self,another national group,10,10,1
p257,4/4/22,9:39:25,4/4/22,9:54:57,100,931,EN,12,8,14,6,12,8,NA,NA,NA,NA,NA,NA,13,7,10,10,10,10,EN,American,$,0.1,allofirst,firstletter,L,N,recipient,nat_in_out,another national group,10,10,1
p258,4/4/22,9:47:32,4/4/22,9:55:01,100,448,EN,20,0,20,0,20,0,NA,NA,NA,NA,NA,NA,20,0,20,0,10,10,EN,American,$,0.1,attfirst,firstletter,P,S,allocator,min_out,Group S,20,20,2
p259,4/4/22,9:43:27,4/4/22,9:55:44,100,736,EN,NA,NA,NA,NA,NA,NA,12,8,18,2,15,5,15,5,20,0,15,5,EN,American,$,0.1,allofirst,secondletter,M,K,recipient,nat_out_self,another national group,10,10,1
p260,4/4/22,9:48:01,4/4/22,9:56:06,100,484,EN,NA,NA,NA,NA,NA,NA,20,0,10,10,10,10,20,0,10,10,10,10,EN,American,$,0.1,attfirst,secondletter,S,P,allocator,min_in,Group S,20,20,2
p261,4/4/22,9:41:43,4/4/22,9:56:59,100,916,EN,NA,NA,NA,NA,NA,NA,10,10,10,10,10,10,20,0,20,0,10,10,EN,American,$,0.1,allofirst,secondletter,S,P,allocator,min_out,Group P,10,10,1
p262,4/4/22,9:32:36,4/4/22,9:57:10,100,1473,EN,20,0,20,0,10,10,NA,NA,NA,NA,NA,NA,20,0,20,0,10,10,EN,American,$,0.1,attfirst,firstletter,P,S,allocator,nat_out,another national group,20,20,2
p263,4/4/22,9:45:00,4/4/22,9:57:25,100,744,EN,15,5,19,1,10,10,NA,NA,NA,NA,NA,NA,19,1,15,5,10,10,EN,American,$,0.1,allofirst,firstletter,H,J,recipient,nat_out_self,another national group,10,10,1
p264,4/4/22,9:49:47,4/4/22,9:57:40,100,473,EN,10,10,10,10,10,10,NA,NA,NA,NA,NA,NA,10,10,10,10,10,10,EN,American,$,0.1,allofirst,firstletter,K,M,recipient,nat_in_out,another national group,10,10,1
p265,4/4/22,9:47:48,4/4/22,9:58:40,100,651,EN,NA,NA,NA,NA,NA,NA,15,5,15,5,10,10,15,5,15,5,10,10,EN,American,$,0.1,attfirst,secondletter,N,L,allocator,nat_in,your national group,15,15,1.5
p266,4/4/22,9:47:40,4/4/22,9:58:41,100,661,EN,NA,NA,NA,NA,NA,NA,15,5,15,5,10,10,15,5,20,0,15,5,EN,American,$,0.1,allofirst,secondletter,J,H,allocator,nat_in,your national group,15,15,1.5
p267,4/4/22,9:46:25,4/4/22,9:58:51,100,745,EN,10,10,10,10,10,10,NA,NA,NA,NA,NA,NA,10,10,10,10,10,10,EN,American,$,0.1,attfirst,firstletter,K,M,recipient,nat_in_out,another national group,10,10,1
p268,4/4/22,9:46:28,4/4/22,9:59:02,100,754,EN,NA,NA,NA,NA,NA,NA,20,0,20,0,15,5,20,0,20,0,15,5,EN,American,$,0.1,attfirst,secondletter,M,K,recipient,nat_out_self,another national group,10,10,1
p269,4/4/22,9:42:44,4/4/22,9:59:13,100,989,EN,15,5,15,5,10,10,NA,NA,NA,NA,NA,NA,15,5,15,5,10,10,EN,American,$,0.1,attfirst,firstletter,H,J,recipient,nat_out_self,another national group,10,10,1
p270,4/4/22,9:48:53,4/4/22,9:59:37,100,643,EN,NA,NA,NA,NA,NA,NA,10,10,10,10,10,10,10,10,10,10,10,10,EN,American,$,0.1,attfirst,secondletter,J,H,allocator,min_in,Group J,10,10,1
p271,4/4/22,9:44:18,4/4/22,9:59:49,100,930,EN,NA,NA,NA,NA,NA,NA,10,10,10,10,10,10,20,0,20,0,10,10,EN,American,$,0.1,attfirst,secondletter,S,P,recipient,nat_in_out,another national group,10,10,1
p272,4/4/22,9:51:36,4/4/22,10:00:23,100,527,EN,10,10,10,10,10,10,NA,NA,NA,NA,NA,NA,10,10,10,10,10,10,EN,American,$,0.1,allofirst,firstletter,L,N,allocator,min_in,Group L,10,10,1
p273,4/4/22,9:51:37,4/4/22,10:00:37,100,539,EN,10,10,10,10,10,10,NA,NA,NA,NA,NA,NA,10,10,10,10,10,10,EN,American,$,0.1,attfirst,firstletter,K,M,allocator,nat_out,another national group,10,10,1
p274,4/4/22,9:34:40,4/4/22,10:01:35,100,1614,EN,NA,NA,NA,NA,NA,NA,10,10,20,0,20,0,15,5,15,5,15,5,EN,American,$,0.1,attfirst,secondletter,J,H,recipient,nat_in_out,another national group,10,10,1
p275,4/4/22,9:56:14,4/4/22,10:02:31,100,377,EN,10,10,11,9,11,9,NA,NA,NA,NA,NA,NA,10,10,10,10,10,10,EN,American,$,0.1,attfirst,firstletter,H,J,recipient,nat_out_self,another national group,10,10,1
p276,4/4/22,9:54:04,4/4/22,10:02:34,100,509,EN,NA,NA,NA,NA,NA,NA,20,0,20,0,20,0,20,0,20,0,10,10,EN,American,$,0.1,attfirst,secondletter,J,H,recipient,nat_out_self,another national group,10,10,1
p277,4/4/22,9:44:02,4/4/22,10:02:44,100,1121,EN,10,10,15,5,15,5,NA,NA,NA,NA,NA,NA,10,10,20,0,10,10,EN,American,$,0.1,attfirst,firstletter,L,N,allocator,min_out,Group N,15,15,1.5
p278,4/4/22,9:52:39,4/4/22,10:02:46,100,607,EN,NA,NA,NA,NA,NA,NA,10,10,10,10,10,10,20,0,20,0,10,10,EN,American,$,0.1,attfirst,secondletter,M,K,allocator,nat_in,your national group,20,20,2
p279,4/4/22,9:41:48,4/4/22,10:02:53,100,1264,EN,10,10,10,10,10,10,NA,NA,NA,NA,NA,NA,10,10,10,10,15,5,EN,American,$,0.1,allofirst,firstletter,K,M,recipient,nat_in_out,another national group,10,10,1
p280,4/4/22,9:55:20,4/4/22,10:02:56,100,456,EN,17,3,15,5,10,10,NA,NA,NA,NA,NA,NA,17,3,15,5,12,8,EN,American,$,0.1,allofirst,firstletter,L,N,allocator,min_in,Group L,17,17,1.7
p281,4/4/22,9:56:18,4/4/22,10:03:30,100,431,EN,NA,NA,NA,NA,NA,NA,10,10,15,5,10,10,15,5,20,0,10,10,EN,American,$,0.1,attfirst,secondletter,N,L,recipient,nat_out_self,another national group,10,10,1
p282,4/4/22,9:55:17,4/4/22,10:03:36,100,498,EN,20,0,20,0,20,0,NA,NA,NA,NA,NA,NA,20,0,20,0,10,10,EN,American,$,0.1,attfirst,firstletter,K,M,allocator,nat_in,your national group,20,20,2
p283,4/4/22,9:45:30,4/4/22,10:03:43,100,1093,EN,NA,NA,NA,NA,NA,NA,15,5,15,5,10,10,15,5,15,5,10,10,EN,American,$,0.1,allofirst,secondletter,S,P,recipient,nat_out_self,another national group,10,10,1
p284,4/4/22,9:53:05,4/4/22,10:03:44,100,638,EN,NA,NA,NA,NA,NA,NA,20,0,20,0,10,10,20,0,10,10,1,19,EN,American,$,0.1,attfirst,secondletter,S,P,recipient,nat_in_out,another national group,10,10,1
p285,4/4/22,9:47:18,4/4/22,10:03:45,100,987,EN,20,0,20,0,13,7,NA,NA,NA,NA,NA,NA,20,0,20,0,10,10,EN,American,$,0.1,allofirst,firstletter,P,S,allocator,nat_out,another national group,20,20,2
p286,4/4/22,9:48:02,4/4/22,10:03:58,100,955,EN,NA,NA,NA,NA,NA,NA,20,0,20,0,20,0,20,0,20,0,20,0,EN,American,$,0.1,allofirst,secondletter,M,K,allocator,min_out,Group K,20,20,2
p287,4/4/22,9:52:07,4/4/22,10:04:06,100,718,EN,NA,NA,NA,NA,NA,NA,20,0,20,0,10,10,20,0,20,0,20,0,EN,American,$,0.1,allofirst,secondletter,N,L,recipient,nat_in_out,another national group,10,10,1
p288,4/4/22,9:47:44,4/4/22,10:04:13,100,989,EN,20,0,20,0,20,0,NA,NA,NA,NA,NA,NA,20,0,20,0,10,10,EN,American,$,0.1,attfirst,firstletter,L,N,allocator,min_out,Group N,20,20,2
p289,4/4/22,9:54:55,4/4/22,10:04:13,100,558,EN,NA,NA,NA,NA,NA,NA,10,10,12,8,11,9,12,8,12,8,10,10,EN,American,$,0.1,allofirst,secondletter,M,K,recipient,nat_out_self,another national group,10,10,1
p290,4/4/22,9:43:23,4/4/22,10:04:15,100,1252,EN,NA,NA,NA,NA,NA,NA,10,10,10,10,10,10,10,10,10,10,10,10,EN,American,$,0.1,attfirst,secondletter,J,H,allocator,nat_out,another national group,10,10,1
p291,4/4/22,9:50:22,4/4/22,10:04:23,100,841,EN,NA,NA,NA,NA,NA,NA,10,10,10,10,10,10,10,10,10,10,10,10,EN,American,$,0.1,allofirst,secondletter,S,P,allocator,min_out,Group P,10,10,1
p292,4/4/22,9:53:06,4/4/22,10:04:25,100,679,EN,NA,NA,NA,NA,NA,NA,10,10,10,10,10,10,10,10,15,5,15,5,EN,American,$,0.1,attfirst,secondletter,N,L,allocator,min_out,Group L,10,10,1
p293,4/4/22,9:50:46,4/4/22,10:04:31,100,824,EN,15,5,20,0,20,0,NA,NA,NA,NA,NA,NA,15,5,15,5,10,10,EN,American,$,0.1,attfirst,firstletter,P,S,recipient,nat_in_out,another national group,10,10,1
p294,4/4/22,9:48:43,4/4/22,10:04:31,100,947,EN,NA,NA,NA,NA,NA,NA,20,0,20,0,10,10,20,0,20,0,10,10,EN,American,$,0.1,allofirst,secondletter,S,P,recipient,nat_in_out,another national group,10,10,1
p295,4/4/22,9:54:28,4/4/22,10:05:06,100,638,EN,10,10,10,10,10,10,NA,NA,NA,NA,NA,NA,10,10,20,0,20,0,EN,American,$,0.1,allofirst,firstletter,K,M,allocator,nat_out,another national group,20,20,2
p296,4/4/22,9:48:07,4/4/22,10:05:22,100,1034,EN,20,0,20,0,10,10,NA,NA,NA,NA,NA,NA,20,0,20,0,20,0,EN,American,$,0.1,allofirst,firstletter,L,N,recipient,nat_out_self,another national group,10,10,1
p297,4/4/22,9:45:43,4/4/22,10:06:17,100,1233,EN,13,7,13,7,10,10,NA,NA,NA,NA,NA,NA,13,7,13,7,10,10,EN,American,$,0.1,allofirst,firstletter,H,J,allocator,min_in,Group H,13,13,1.3
p298,4/4/22,9:55:27,4/4/22,10:06:38,100,670,EN,NA,NA,NA,NA,NA,NA,10,10,10,10,10,10,10,10,10,10,10,10,EN,American,$,0.1,attfirst,secondletter,M,K,recipient,nat_out_self,another national group,10,10,1
p299,4/4/22,9:54:49,4/4/22,10:07:19,100,749,EN,NA,NA,NA,NA,NA,NA,15,5,15,5,10,10,20,0,20,0,10,10,EN,American,$,0.1,attfirst,secondletter,M,K,allocator,nat_in,your national group,20,20,2
p300,4/4/22,9:58:05,4/4/22,10:07:40,100,574,EN,10,10,10,10,10,10,NA,NA,NA,NA,NA,NA,12,8,12,8,10,10,EN,American,$,0.1,allofirst,firstletter,P,S,recipient,nat_out_self,another national group,10,10,1
p301,4/4/22,9:55:14,4/4/22,10:07:41,100,747,EN,NA,NA,NA,NA,NA,NA,10,10,10,10,10,10,10,10,10,10,5,15,EN,American,$,0.1,attfirst,secondletter,S,P,recipient,nat_in_out,another national group,10,10,1
p302,4/4/22,9:53:10,4/4/22,10:07:45,100,875,EN,NA,NA,NA,NA,NA,NA,12,8,20,0,15,5,16,4,16,4,10,10,EN,American,$,0.1,allofirst,secondletter,M,K,recipient,nat_in_out,another national group,10,10,1
p303,4/4/22,9:56:19,4/4/22,10:07:52,100,693,EN,20,0,20,0,10,10,NA,NA,NA,NA,NA,NA,20,0,20,0,10,10,EN,American,$,0.1,attfirst,firstletter,L,N,allocator,nat_out,another national group,20,20,2
p304,4/4/22,9:54:38,4/4/22,10:07:53,100,795,EN,NA,NA,NA,NA,NA,NA,15,5,15,5,10,10,18,2,15,5,5,15,EN,American,$,0.1,allofirst,secondletter,J,H,allocator,nat_in,your national group,18,18,1.8
p305,4/4/22,9:57:48,4/4/22,10:08:17,100,628,EN,20,0,20,0,10,10,NA,NA,NA,NA,NA,NA,20,0,20,0,10,10,EN,American,$,0.1,allofirst,firstletter,L,N,allocator,min_in,Group L,20,20,2
p306,4/4/22,9:56:25,4/4/22,10:08:36,100,730,EN,15,5,15,5,10,10,NA,NA,NA,NA,NA,NA,15,5,15,5,15,5,EN,American,$,0.1,allofirst,firstletter,H,J,recipient,nat_out_self,another national group,10,10,1
p307,4/4/22,9:56:29,4/4/22,10:08:42,100,732,EN,10,10,11,9,11,9,NA,NA,NA,NA,NA,NA,10,10,9,11,10,10,EN,American,$,0.1,allofirst,firstletter,P,S,recipient,nat_in_out,another national group,10,10,1
p308,4/4/22,10:01:43,4/4/22,10:09:04,100,440,EN,10,10,10,10,10,10,NA,NA,NA,NA,NA,NA,10,10,10,10,10,10,EN,American,$,0.1,allofirst,firstletter,L,N,allocator,nat_out,another national group,10,10,1
p309,4/4/22,9:53:47,4/4/22,10:09:06,100,918,EN,10,10,10,10,10,10,NA,NA,NA,NA,NA,NA,10,10,10,10,10,10,EN,American,$,0.1,attfirst,firstletter,H,J,allocator,min_out,Group J,10,10,1
p310,4/4/22,9:55:59,4/4/22,10:09:28,100,809,EN,NA,NA,NA,NA,NA,NA,15,5,20,0,10,10,10,10,15,5,10,10,EN,American,$,0.1,allofirst,secondletter,J,H,allocator,min_in,Group J,15,15,1.5
p311,4/4/22,9:56:31,4/4/22,10:09:42,100,791,EN,NA,NA,NA,NA,NA,NA,18,2,15,5,15,5,18,2,18,2,10,10,EN,American,$,0.1,allofirst,secondletter,N,L,recipient,nat_in_out,another national group,10,10,1
p312,4/4/22,10:01:20,4/4/22,10:10:02,100,522,EN,NA,NA,NA,NA,NA,NA,10,10,10,10,10,10,10,10,10,10,10,10,EN,American,$,0.1,allofirst,secondletter,J,H,recipient,nat_in_out,another national group,10,10,1
p313,4/4/22,9:57:55,4/4/22,10:10:03,100,727,EN,10,10,20,0,20,0,NA,NA,NA,NA,NA,NA,10,10,20,0,10,10,EN,American,$,0.1,attfirst,firstletter,K,M,allocator,nat_in,your national group,10,10,1
p314,4/4/22,9:52:36,4/4/22,10:10:04,100,1047,EN,12,8,12,8,10,10,NA,NA,NA,NA,NA,NA,12,8,12,8,10,10,EN,American,$,0.1,allofirst,firstletter,H,J,recipient,nat_out_self,another national group,10,10,1
p315,4/4/22,9:54:55,4/4/22,10:11:14,100,978,EN,10,10,10,10,10,10,NA,NA,NA,NA,NA,NA,10,10,10,10,10,10,EN,American,$,0.1,allofirst,firstletter,K,M,recipient,nat_out_self,another national group,10,10,1
p316,4/4/22,9:59:48,4/4/22,10:11:23,100,695,EN,NA,NA,NA,NA,NA,NA,10,10,10,10,10,10,10,10,10,10,10,10,EN,American,$,0.1,allofirst,secondletter,S,P,allocator,min_in,Group S,10,10,1
p317,4/4/22,10:00:53,4/4/22,10:11:39,100,645,EN,15,5,15,5,10,10,NA,NA,NA,NA,NA,NA,15,5,15,5,10,10,EN,American,$,0.1,attfirst,firstletter,H,J,allocator,nat_out,another national group,15,15,1.5
p318,4/4/22,10:02:33,4/4/22,10:11:54,100,560,EN,20,0,20,0,10,10,NA,NA,NA,NA,NA,NA,20,0,20,0,10,10,EN,American,$,0.1,attfirst,firstletter,L,N,recipient,nat_in_out,another national group,10,10,1
p319,4/4/22,9:40:41,4/4/22,10:11:56,100,1874,EN,10,10,15,5,15,5,NA,NA,NA,NA,NA,NA,10,10,10,10,10,10,EN,American,$,0.1,allofirst,firstletter,P,S,recipient,nat_out_self,another national group,10,10,1
p320,4/4/22,9:58:37,4/4/22,10:12:01,100,804,EN,20,0,20,0,15,5,NA,NA,NA,NA,NA,NA,20,0,20,0,15,5,EN,American,$,0.1,allofirst,firstletter,K,M,allocator,min_in,Group K,20,20,2
p321,4/4/22,9:58:49,4/4/22,10:12:02,100,792,EN,20,0,20,0,10,10,NA,NA,NA,NA,NA,NA,20,0,20,0,10,10,EN,American,$,0.1,allofirst,firstletter,H,J,recipient,nat_out_self,another national group,10,10,1
p322,4/4/22,9:58:58,4/4/22,10:12:15,100,796,EN,10,10,10,10,10,10,NA,NA,NA,NA,NA,NA,10,10,10,10,10,10,EN,American,$,0.1,attfirst,firstletter,P,S,allocator,min_out,Group S,10,10,1
p323,4/4/22,10:01:49,4/4/22,10:12:16,100,626,EN,NA,NA,NA,NA,NA,NA,10,10,10,10,10,10,10,10,10,10,10,10,EN,American,$,0.1,attfirst,secondletter,M,K,recipient,nat_in_out,another national group,10,10,1
p324,4/4/22,9:53:21,4/4/22,10:12:25,100,1143,EN,15,5,15,5,10,10,NA,NA,NA,NA,NA,NA,10,10,15,5,15,5,EN,American,$,0.1,allofirst,firstletter,P,S,allocator,nat_in,your national group,10,10,1
p325,4/4/22,9:57:03,4/4/22,10:12:38,100,934,EN,NA,NA,NA,NA,NA,NA,10,10,10,10,10,10,10,10,10,10,10,10,EN,American,$,0.1,allofirst,secondletter,M,K,recipient,nat_out_self,another national group,10,10,1
p326,4/4/22,9:59:15,4/4/22,10:12:45,100,809,EN,20,0,20,0,10,10,NA,NA,NA,NA,NA,NA,20,0,20,0,10,10,EN,American,$,0.1,attfirst,firstletter,L,N,allocator,nat_out,another national group,20,20,2
p327,4/4/22,10:01:27,4/4/22,10:13:04,100,696,EN,NA,NA,NA,NA,NA,NA,15,5,15,5,10,10,15,5,10,10,10,10,EN,American,$,0.1,allofirst,secondletter,S,P,allocator,min_in,Group S,15,15,1.5
p328,4/4/22,9:59:42,4/4/22,10:13:43,100,840,EN,NA,NA,NA,NA,NA,NA,10,10,10,10,10,10,10,10,12,8,11,9,EN,American,$,0.1,attfirst,secondletter,N,L,recipient,nat_in_out,another national group,10,10,1
p329,4/4/22,10:03:38,4/4/22,10:13:47,100,608,EN,20,0,20,0,10,10,NA,NA,NA,NA,NA,NA,20,0,20,0,10,10,EN,American,$,0.1,attfirst,firstletter,K,M,allocator,nat_in,your national group,20,20,2
p330,4/4/22,10:07:10,4/4/22,10:13:48,100,397,EN,20,0,20,0,10,10,NA,NA,NA,NA,NA,NA,20,0,20,0,10,10,EN,American,$,0.1,allofirst,firstletter,H,J,recipient,nat_out_self,another national group,10,10,1
p331,4/4/22,9:54:19,4/4/22,10:14:13,100,1194,EN,18,2,18,2,12,8,NA,NA,NA,NA,NA,NA,15,5,16,4,10,10,EN,American,$,0.1,attfirst,firstletter,L,N,recipient,nat_in_out,another national group,10,10,1
p332,4/4/22,10:06:59,4/4/22,10:15:32,100,513,EN,NA,NA,NA,NA,NA,NA,10,10,15,5,10,10,10,10,10,10,10,10,EN,American,$,0.1,attfirst,secondletter,S,P,allocator,min_out,Group P,15,15,1.5
p333,4/4/22,10:05:55,4/4/22,10:16:36,100,641,EN,NA,NA,NA,NA,NA,NA,10,10,10,10,10,10,10,10,10,10,10,10,EN,American,$,0.1,allofirst,secondletter,S,P,allocator,min_out,Group P,10,10,1
p334,4/4/22,10:05:48,4/4/22,10:16:37,100,649,EN,NA,NA,NA,NA,NA,NA,15,5,17,3,12,8,15,5,15,5,15,5,EN,American,$,0.1,attfirst,secondletter,N,L,recipient,nat_out_self,another national group,10,10,1
p335,4/4/22,10:04:54,4/4/22,10:17:00,100,725,EN,10,10,10,10,10,10,NA,NA,NA,NA,NA,NA,10,10,15,5,10,10,EN,American,$,0.1,allofirst,firstletter,H,J,allocator,nat_out,another national group,15,15,1.5
p336,4/4/22,10:06:56,4/4/22,10:17:24,100,628,EN,10,10,10,10,10,10,NA,NA,NA,NA,NA,NA,10,10,10,10,10,10,EN,American,$,0.1,attfirst,firstletter,H,J,recipient,nat_in_out,another national group,10,10,1
p337,4/4/22,9:55:45,4/4/22,10:17:55,100,1330,EN,12,8,12,8,12,8,NA,NA,NA,NA,NA,NA,12,8,12,8,10,10,EN,American,$,0.1,attfirst,firstletter,P,S,recipient,nat_out_self,another national group,10,10,1
p338,4/4/22,10:00:30,4/4/22,10:18:22,100,1072,EN,10,10,10,10,10,10,NA,NA,NA,NA,NA,NA,13,7,10,10,8,12,EN,American,$,0.1,attfirst,firstletter,H,J,allocator,nat_in,your national group,13,13,1.3
p339,4/4/22,10:11:29,4/4/22,10:19:15,100,466,EN,NA,NA,NA,NA,NA,NA,15,5,10,10,10,10,15,5,15,5,5,15,EN,American,$,0.1,allofirst,secondletter,N,L,recipient,nat_in_out,another national group,10,10,1
p340,4/4/22,10:08:46,4/4/22,10:19:18,100,632,EN,NA,NA,NA,NA,NA,NA,20,0,20,0,10,10,20,0,20,0,10,10,EN,American,$,0.1,attfirst,secondletter,N,L,recipient,nat_in_out,another national group,10,10,1
p341,4/4/22,9:55:10,4/4/22,10:19:19,100,1449,EN,NA,NA,NA,NA,NA,NA,15,5,15,5,10,10,15,5,10,10,10,10,EN,American,$,0.1,allofirst,secondletter,M,K,allocator,min_in,Group M,15,15,1.5
p342,4/4/22,10:10:34,4/4/22,10:20:14,100,579,EN,NA,NA,NA,NA,NA,NA,20,0,20,0,10,10,20,0,20,0,10,10,EN,American,$,0.1,attfirst,secondletter,J,H,allocator,nat_out,another national group,20,20,2
p343,4/4/22,10:02:35,4/4/22,10:20:16,100,1061,EN,10,10,10,10,10,10,NA,NA,NA,NA,NA,NA,10,10,5,15,0,20,EN,American,$,0.1,allofirst,firstletter,P,S,recipient,nat_out_self,another national group,10,10,1
p344,4/4/22,10:14:07,4/4/22,10:20:28,100,381,EN,10,10,10,10,10,10,NA,NA,NA,NA,NA,NA,10,10,10,10,10,10,EN,American,$,0.1,attfirst,firstletter,H,J,allocator,min_in,Group H,10,10,1
p345,4/4/22,10:07:37,4/4/22,10:20:50,100,792,EN,15,5,20,0,15,5,NA,NA,NA,NA,NA,NA,15,5,15,5,15,5,EN,American,$,0.1,allofirst,firstletter,K,M,allocator,min_out,Group M,20,20,2
p346,4/4/22,10:13:24,4/4/22,10:21:19,100,475,EN,20,0,20,0,10,10,NA,NA,NA,NA,NA,NA,20,0,20,0,20,0,EN,American,$,0.1,allofirst,firstletter,H,J,recipient,nat_in_out,another national group,10,10,1
p347,4/4/22,10:08:35,4/4/22,10:21:54,100,799,EN,NA,NA,NA,NA,NA,NA,15,5,15,5,10,10,10,10,15,5,15,5,EN,American,$,0.1,allofirst,secondletter,M,K,recipient,nat_out_self,another national group,10,10,1
p348,4/4/22,10:16:32,4/4/22,10:22:17,100,344,EN,NA,NA,NA,NA,NA,NA,20,0,20,0,10,10,20,0,20,0,10,10,EN,American,$,0.1,allofirst,secondletter,M,K,allocator,nat_in,your national group,20,20,2
p349,4/4/22,10:13:10,4/4/22,10:22:52,100,581,EN,NA,NA,NA,NA,NA,NA,20,0,20,0,20,0,20,0,20,0,10,10,EN,American,$,0.1,attfirst,secondletter,S,P,recipient,nat_out_self,another national group,10,10,1
p350,4/4/22,10:08:47,4/4/22,10:23:34,100,887,EN,20,0,20,0,10,10,NA,NA,NA,NA,NA,NA,20,0,20,0,10,10,EN,American,$,0.1,allofirst,firstletter,P,S,allocator,nat_out,another national group,20,20,2
p351,4/4/22,10:01:41,4/4/22,10:23:51,100,1330,EN,20,0,20,0,20,0,NA,NA,NA,NA,NA,NA,20,0,20,0,10,10,EN,American,$,0.1,allofirst,firstletter,K,M,allocator,nat_in,your national group,20,20,2
p352,4/4/22,10:17:17,4/4/22,10:24:47,100,450,EN,NA,NA,NA,NA,NA,NA,20,0,20,0,10,10,20,0,20,0,10,10,EN,American,$,0.1,attfirst,secondletter,J,H,recipient,nat_in_out,another national group,10,10,1
p353,4/4/22,10:13:21,4/4/22,10:25:13,100,711,EN,NA,NA,NA,NA,NA,NA,10,10,16,4,15,5,14,6,10,10,10,10,EN,American,$,0.1,attfirst,secondletter,M,K,recipient,nat_in_out,another national group,10,10,1
p354,4/4/22,10:09:00,4/4/22,10:25:32,100,992,EN,10,10,10,10,10,10,NA,NA,NA,NA,NA,NA,10,10,10,10,10,10,EN,American,$,0.1,attfirst,firstletter,L,N,allocator,min_out,Group N,10,10,1
p355,4/4/22,10:18:39,4/4/22,10:26:10,100,451,EN,20,0,20,0,10,10,NA,NA,NA,NA,NA,NA,12,8,16,4,12,8,EN,American,$,0.1,attfirst,firstletter,H,J,allocator,min_in,Group H,20,20,2
p356,4/4/22,10:05:56,4/4/22,10:26:13,100,1216,EN,NA,NA,NA,NA,NA,NA,10,10,10,10,10,10,10,10,10,10,10,10,EN,American,$,0.1,allofirst,secondletter,N,L,allocator,min_out,Group L,10,10,1
p357,4/4/22,9:57:29,4/4/22,10:26:26,100,1736,EN,NA,NA,NA,NA,NA,NA,18,2,18,2,10,10,18,2,18,2,12,8,EN,American,$,0.1,allofirst,secondletter,J,H,recipient,nat_out_self,another national group,10,10,1
p358,4/4/22,10:17:53,4/4/22,10:27:21,100,568,EN,NA,NA,NA,NA,NA,NA,15,5,15,5,10,10,15,5,15,5,10,10,EN,American,$,0.1,attfirst,secondletter,N,L,allocator,nat_in,your national group,15,15,1.5
p359,4/4/22,10:06:44,4/4/22,10:27:28,100,1244,EN,NA,NA,NA,NA,NA,NA,10,10,10,10,10,10,10,10,10,10,10,10,EN,American,$,0.1,attfirst,secondletter,S,P,recipient,nat_in_out,another national group,10,10,1
p360,4/4/22,10:17:23,4/4/22,10:27:36,100,612,EN,NA,NA,NA,NA,NA,NA,10,10,10,10,10,10,10,10,10,10,10,10,EN,American,$,0.1,allofirst,secondletter,M,K,recipient,nat_out_self,another national group,10,10,1
p361,4/4/22,10:18:32,4/4/22,10:27:49,100,557,EN,NA,NA,NA,NA,NA,NA,10,10,15,5,15,5,15,5,10,10,5,15,EN,American,$,0.1,attfirst,secondletter,S,P,allocator,min_in,Group S,10,10,1
p362,4/4/22,10:13:47,4/4/22,10:28:28,100,881,EN,NA,NA,NA,NA,NA,NA,20,0,20,0,20,0,20,0,20,0,0,20,EN,American,$,0.1,allofirst,secondletter,N,L,allocator,nat_out,another national group,20,20,2
p363,4/4/22,10:17:33,4/4/22,10:28:28,100,655,EN,NA,NA,NA,NA,NA,NA,20,0,20,0,10,10,20,0,20,0,10,10,EN,American,$,0.1,allofirst,secondletter,S,P,allocator,nat_out,another national group,20,20,2
p364,4/4/22,10:15:18,4/4/22,10:28:29,100,790,EN,10,10,0,20,20,0,NA,NA,NA,NA,NA,NA,20,0,0,20,5,15,EN,American,$,0.1,allofirst,firstletter,L,N,recipient,nat_in_out,another national group,10,10,1
p365,4/4/22,10:19:41,4/4/22,10:28:32,100,530,EN,10,10,12,8,8,12,NA,NA,NA,NA,NA,NA,10,10,17,3,10,10,EN,American,$,0.1,attfirst,firstletter,P,S,recipient,nat_in_out,another national group,10,10,1
p366,4/4/22,10:08:43,4/4/22,10:28:57,100,1213,EN,10,10,15,5,10,10,NA,NA,NA,NA,NA,NA,10,10,10,10,10,10,EN,American,$,0.1,attfirst,firstletter,K,M,recipient,nat_out_self,another national group,10,10,1
p367,4/4/22,10:20:52,4/4/22,10:29:36,100,523,EN,10,10,10,10,10,10,NA,NA,NA,NA,NA,NA,10,10,10,10,10,10,EN,American,$,0.1,allofirst,firstletter,L,N,allocator,min_out,Group N,10,10,1
p368,4/4/22,10:18:24,4/4/22,10:29:47,100,682,EN,20,0,20,0,10,10,NA,NA,NA,NA,NA,NA,20,0,20,0,20,0,EN,American,$,0.1,allofirst,firstletter,P,S,recipient,nat_out_self,another national group,10,10,1
p369,4/4/22,10:17:58,4/4/22,10:30:13,100,734,EN,NA,NA,NA,NA,NA,NA,20,0,20,0,10,10,20,0,20,0,10,10,EN,American,$,0.1,allofirst,secondletter,J,H,allocator,min_out,Group H,20,20,2
p370,4/4/22,10:16:04,4/4/22,10:30:25,100,861,EN,NA,NA,NA,NA,NA,NA,19,1,19,1,14,6,19,1,20,0,20,0,EN,American,$,0.1,attfirst,secondletter,M,K,recipient,nat_out_self,another national group,10,10,1
p371,4/4/22,10:02:58,4/4/22,10:30:40,100,1662,EN,NA,NA,NA,NA,NA,NA,10,10,15,5,15,5,15,5,12,8,10,10,EN,American,$,0.1,attfirst,secondletter,J,H,recipient,nat_out_self,another national group,10,10,1
p372,4/4/22,9:41:14,4/4/22,10:30:44,100,2970,EN,NA,NA,NA,NA,NA,NA,20,0,20,0,10,10,20,0,20,0,10,10,EN,American,$,0.1,attfirst,secondletter,N,L,allocator,nat_in,your national group,20,20,2
p373,4/4/22,10:16:01,4/4/22,10:30:59,100,897,EN,15,5,15,5,15,5,NA,NA,NA,NA,NA,NA,15,5,15,5,10,10,EN,American,$,0.1,attfirst,firstletter,K,M,allocator,nat_in,your national group,15,15,1.5
p374,4/4/22,10:09:48,4/4/22,10:31:18,100,1290,EN,15,5,10,10,10,10,NA,NA,NA,NA,NA,NA,15,5,15,5,10,10,EN,American,$,0.1,allofirst,firstletter,K,M,recipient,nat_in_out,another national group,10,10,1
p375,4/4/22,10:09:44,4/4/22,10:32:14,100,1349,EN,19,1,19,1,11,9,NA,NA,NA,NA,NA,NA,18,2,19,1,12,8,EN,American,$,0.1,attfirst,firstletter,P,S,recipient,nat_in_out,another national group,10,10,1
p376,4/4/22,10:22:09,4/4/22,10:32:18,100,608,EN,20,0,20,0,20,0,NA,NA,NA,NA,NA,NA,20,0,20,0,20,0,EN,American,$,0.1,attfirst,firstletter,L,N,recipient,nat_in_out,another national group,10,10,1
p377,4/4/22,10:19:05,4/4/22,10:32:18,100,792,EN,NA,NA,NA,NA,NA,NA,20,0,20,0,10,10,20,0,20,0,10,10,EN,American,$,0.1,allofirst,secondletter,N,L,allocator,nat_out,another national group,20,20,2
p378,4/4/22,10:14:24,4/4/22,10:32:28,100,1084,EN,10,10,15,5,15,5,NA,NA,NA,NA,NA,NA,15,5,15,5,10,10,EN,American,$,0.1,allofirst,firstletter,K,M,allocator,min_in,Group K,10,10,1
p379,4/4/22,9:55:28,4/4/22,10:33:14,100,2266,EN,NA,NA,NA,NA,NA,NA,10,10,12,8,12,8,12,8,18,2,15,5,EN,American,$,0.1,attfirst,secondletter,J,H,recipient,nat_out_self,another national group,10,10,1
p380,4/4/22,10:13:34,4/4/22,10:33:41,100,1207,EN,20,0,20,0,20,0,NA,NA,NA,NA,NA,NA,20,0,20,0,10,10,EN,American,$,0.1,attfirst,firstletter,P,S,allocator,min_in,Group P,20,20,2
p381,4/4/22,10:12:48,4/4/22,10:34:12,100,1283,EN,20,0,20,0,20,0,NA,NA,NA,NA,NA,NA,20,0,20,0,15,5,EN,American,$,0.1,allofirst,firstletter,L,N,allocator,nat_in,your national group,20,20,2
p382,4/4/22,10:17:11,4/4/22,10:34:39,100,1047,EN,10,10,10,10,10,10,NA,NA,NA,NA,NA,NA,10,10,10,10,10,10,EN,American,$,0.1,allofirst,firstletter,P,S,recipient,nat_in_out,another national group,10,10,1
p383,4/4/22,10:21:37,4/4/22,10:34:56,100,799,EN,NA,NA,NA,NA,NA,NA,10,10,15,5,15,5,10,10,15,5,15,5,EN,American,$,0.1,allofirst,secondletter,S,P,recipient,nat_out_self,another national group,10,10,1
p384,4/4/22,10:23:41,4/4/22,10:35:34,100,712,EN,NA,NA,NA,NA,NA,NA,10,10,10,10,10,10,10,10,10,10,10,10,EN,American,$,0.1,allofirst,secondletter,N,L,allocator,min_in,Group N,10,10,1
p385,4/4/22,10:20:53,4/4/22,10:36:35,100,941,EN,15,5,15,5,10,10,NA,NA,NA,NA,NA,NA,15,5,15,5,15,5,EN,American,$,0.1,attfirst,firstletter,L,N,allocator,nat_out,another national group,15,15,1.5
p386,4/4/22,9:58:38,4/4/22,10:36:35,100,2277,EN,NA,NA,NA,NA,NA,NA,15,5,15,5,10,10,10,10,5,15,10,10,EN,American,$,0.1,attfirst,secondletter,S,P,recipient,nat_in_out,another national group,10,10,1
p387,4/4/22,10:18:10,4/4/22,10:38:19,100,1208,EN,20,0,20,0,15,5,NA,NA,NA,NA,NA,NA,19,1,20,0,15,5,EN,American,$,0.1,allofirst,firstletter,H,J,allocator,nat_in,your national group,19,19,1.9
p388,4/4/22,10:17:56,4/4/22,10:38:54,100,1257,EN,NA,NA,NA,NA,NA,NA,10,10,10,10,10,10,10,10,10,10,10,10,EN,American,$,0.1,attfirst,secondletter,N,L,recipient,nat_out_self,another national group,10,10,1
p389,4/4/22,10:23:40,4/4/22,10:40:46,100,1025,EN,10,10,10,10,10,10,NA,NA,NA,NA,NA,NA,10,10,10,10,10,10,EN,American,$,0.1,allofirst,firstletter,K,M,allocator,min_out,Group M,10,10,1
p390,4/4/22,10:15:37,4/4/22,10:41:31,100,1553,EN,NA,NA,NA,NA,NA,NA,15,5,5,15,15,5,10,10,15,5,15,5,EN,American,$,0.1,allofirst,secondletter,J,H,recipient,nat_in_out,another national group,10,10,1
p391,4/4/22,10:22:05,4/4/22,10:43:01,100,1256,EN,15,5,15,5,10,10,NA,NA,NA,NA,NA,NA,15,5,15,5,15,5,EN,American,$,0.1,allofirst,firstletter,P,S,allocator,nat_out,another national group,15,15,1.5
p392,4/4/22,10:10:00,4/4/22,10:43:55,100,2034,EN,NA,NA,NA,NA,NA,NA,20,0,20,0,14,6,20,0,20,0,15,5,EN,American,$,0.1,allofirst,secondletter,J,H,recipient,nat_out_self,another national group,5,5,0.5
p393,4/4/22,10:30:32,4/4/22,10:45:26,100,893,EN,NA,NA,NA,NA,NA,NA,10,10,10,10,10,10,10,10,10,10,10,10,EN,American,$,0.1,attfirst,secondletter,M,K,allocator,min_out,Group K,10,10,1
p394,4/4/22,10:17:13,4/4/22,10:45:57,100,1724,EN,11,9,11,9,12,8,NA,NA,NA,NA,NA,NA,12,8,18,2,14,6,EN,American,$,0.1,attfirst,firstletter,L,N,recipient,nat_in_out,another national group,10,10,1
p395,4/4/22,10:17:53,4/4/22,10:47:25,100,1771,EN,10,10,15,5,10,10,NA,NA,NA,NA,NA,NA,15,5,15,5,10,10,EN,American,$,0.1,attfirst,firstletter,K,M,recipient,nat_out_self,another national group,5,5,0.5
p396,4/4/22,10:17:50,4/4/22,10:50:22,100,1951,EN,NA,NA,NA,NA,NA,NA,10,10,13,7,12,8,15,5,15,5,12,8,EN,American,$,0.1,attfirst,secondletter,J,H,allocator,min_in,Group J,10,10,1
p397,4/4/22,10:45:27,4/4/22,11:03:26,100,1079,EN,NA,NA,NA,NA,NA,NA,10,10,10,10,10,10,10,10,10,10,10,10,EN,American,$,0.1,allofirst,secondletter,M,K,recipient,nat_in_out,another national group,10,10,1
p398,4/4/22,10:17:12,4/4/22,11:10:05,100,3173,EN,10,10,15,5,15,5,NA,NA,NA,NA,NA,NA,14,6,17,3,15,5,EN,American,$,0.1,attfirst,firstletter,H,J,allocator,min_out,Group J,15,15,1.5
p399,4/4/22,11:00:31,4/4/22,11:10:31,100,599,EN,NA,NA,NA,NA,NA,NA,15,5,15,5,10,10,20,0,15,5,10,10,EN,American,$,0.1,attfirst,secondletter,S,P,allocator,nat_out,another national group,15,15,1.5
p400,4/4/22,9:44:02,4/4/22,9:53:56,97,593,EN,NA,NA,NA,NA,NA,NA,10,10,10,10,10,10,10,10,10,10,10,10,EN,American,$,0.1,allofirst,secondletter,J,H,NA,NA,NA,NA,NA,NA